Size,EntryBar,ExitBar,EntryPrice,ExitPrice,SL,TP,PnL,Commission,ReturnPct,EntryTime,ExitTime,Duration,Tag,Entry_λ,Exit_λ
75,25,41,131.985,132.583,,,44.84999999999886,0.0,0.004530817895972872,2012-11-30 16:00:00,2012-12-05 08:00:00,4 days 16:00:00,,,
75,44,57,132.651632644,132.36,,,-21.872448299998126,0.0,-0.002198485146297724,2012-12-05 20:00:00,2012-12-10 00:00:00,4 days 04:00:00,,131.958,
75,70,118,133.007,136.389,,,253.65000000000038,0.0,0.025427233153142437,2012-12-12 04:00:00,2012-12-24 04:00:00,12 days 00:00:00,,,
74,124,173,137.952,140.048,,,155.10400000000027,0.0,0.015193690559035078,2012-12-26 16:00:00,2013-01-08 20:00:00,13 days 04:00:00,,,
72,186,204,143.72,142.628,,,-78.62400000000093,0.0,-0.007598107431116108,2013-01-11 00:00:00,2013-01-16 00:00:00,5 days 00:00:00,,,
-73,230,246,141.555,142.755,,,-87.59999999999917,0.0,-0.008477270318957286,2013-01-22 08:00:00,2013-01-25 00:00:00,2 days 16:00:00,,,
71,251,262,143.986,142.813,,,-83.28300000000013,0.0,-0.00814662536635502,2013-01-25 20:00:00,2013-01-29 16:00:00,3 days 20:00:00,,,
70,273,313,144.175644168,146.126,,,136.52490824000097,0.0,0.013527637370757128,2013-01-31 12:00:00,2013-02-11 04:00:00,10 days 16:00:00,,143.411,
70,317,318,146.952646945,147.455,,,35.16471385000102,0.0,0.00341846891119979,2013-02-11 20:00:00,2013-02-12 00:00:00,0 days 04:00:00,,,
-71,330,346,144.825,145.424,,,-42.529000000001275,0.0,-0.004136026238563906,2013-02-14 00:00:00,2013-02-18 16:00:00,4 days 16:00:00,,,
-72,359,398,142.78635720600002,140.349,,,175.48971883200215,0.0,0.017069958598941115,2013-02-20 20:00:00,2013-03-01 08:00:00,8 days 12:00:00,,,
74,412,466,141.181,143.743,,,189.58799999999877,0.0,0.01814691778638755,2013-03-05 16:00:00,2013-03-18 16:00:00,13 days 00:00:00,,,
73,477,478,144.636644629,144.907,,,19.735942083001618,0.0,0.0018692038362304597,2013-03-20 12:00:00,2013-03-20 16:00:00,0 days 04:00:00,,,
-74,496,497,143.01235698000002,142.756,,,18.97041652000155,0.0,0.0017925512551050238,2013-03-25 16:00:00,2013-03-25 20:00:00,0 days 04:00:00,,,
-75,507,524,142.49935749300002,142.572,,,-5.448188024998757,0.0,-0.0005097742774282654,2013-03-27 12:00:00,2013-04-01 08:00:00,4 days 20:00:00,,,
-75,527,546,141.799358193,146.747,,,-371.0731355250019,0.0,-0.034891849089090377,2013-04-01 20:00:00,2013-04-05 00:00:00,3 days 04:00:00,,,
68,557,585,151.790651783,150.027,,,-119.92832124400002,0.0,-0.01161897496508102,2013-04-08 20:00:00,2013-04-15 12:00:00,6 days 16:00:00,,150.61,149.453
67,626,644,152.025652018,151.455,,,-38.23368520599837,0.0,-0.003753656112801318,2013-04-24 08:00:00,2013-04-29 08:00:00,5 days 00:00:00,,,
-67,650,651,151.326348666,151.137,,,12.686360622000052,0.0,0.0012512603896756014,2013-04-30 08:00:00,2013-04-30 12:00:00,0 days 04:00:00,,,
-67,654,667,151.27,152.249,,,-65.592999999999,0.0,-0.006471871488067604,2013-05-01 00:00:00,2013-05-03 04:00:00,2 days 04:00:00,,150.746,
65,670,688,154.318,153.431,,,-57.65500000000003,0.0,-0.005747871278787953,2013-05-03 16:00:00,2013-05-08 16:00:00,5 days 00:00:00,,,
65,694,715,154.11965411199998,155.621,,,97.58748272000204,0.0,0.009741430427224973,2013-05-09 16:00:00,2013-05-15 04:00:00,5 days 12:00:00,,,
65,716,739,156.068656061,156.38,,,20.237356034998868,0.0,0.0019949165121169177,2013-05-15 08:00:00,2013-05-21 04:00:00,5 days 20:00:00,,,
-65,749,774,155.11934487300002,153.771,,,87.64241674500198,0.0,0.008692306392242388,2013-05-22 20:00:00,2013-05-29 00:00:00,6 days 04:00:00,,,
-67,780,788,152.345347647,153.5,,,-77.36170765099925,0.0,-0.007579176987245084,2013-05-30 00:00:00,2013-05-31 08:00:00,1 days 08:00:00,,152.233,
-66,795,805,152.47734751500002,153.264,,,-51.919064009999374,0.0,-0.0051591432945317095,2013-06-03 12:00:00,2013-06-05 04:00:00,1 days 16:00:00,,,
-66,814,817,152.221347771,151.739,,,31.834952886000508,0.0,0.003168726187641191,2013-06-06 16:00:00,2013-06-07 04:00:00,0 days 12:00:00,,,
-67,818,827,150.268,153.645,,,-226.25900000000064,0.0,-0.02247318124950093,2013-06-07 08:00:00,2013-06-10 20:00:00,3 days 12:00:00,,,
-66,838,868,149.336350656,148.841,,,32.69314329599996,0.0,0.003317013264513502,2013-06-12 16:00:00,2013-06-19 16:00:00,7 days 00:00:00,,,148.266
65,914,937,151.39,151.07,,,-20.799999999999557,0.0,-0.0021137459541581416,2013-07-01 08:00:00,2013-07-05 04:00:00,3 days 20:00:00,,,
-66,951,954,150.189349803,150.261,,,-4.728913001999786,0.0,-0.0004770657646095966,2013-07-09 12:00:00,2013-07-10 00:00:00,0 days 12:00:00,,,149.778
-66,955,970,149.770350222,149.543,,,15.005114651998952,0.0,0.0015179921904635574,2013-07-10 04:00:00,2013-07-12 16:00:00,2 days 12:00:00,,,
66,986,987,151.11765111,151.407,,,19.0970267400009,0.0,0.0019147259626832724,2013-07-17 08:00:00,2013-07-17 12:00:00,0 days 04:00:00,,,
65,992,1027,152.06065205299998,152.598,,,34.92761655500189,0.0,0.0035337737918730294,2013-07-18 08:00:00,2013-07-26 04:00:00,7 days 20:00:00,,,
-66,1033,1058,150.558,150.598,,,-2.6400000000013506,0.0,-0.0002656783432299914,2013-07-29 04:00:00,2013-08-02 08:00:00,4 days 04:00:00,,,
-67,1092,1093,148.92035107200002,149.377,,,-30.595478175999517,0.0,-0.0030663970687203612,2013-08-12 00:00:00,2013-08-12 04:00:00,0 days 04:00:00,,,
65,1106,1136,152.091652084,152.781,,,44.80761454000017,0.0,0.00453245070688868,2013-08-14 08:00:00,2013-08-21 08:00:00,7 days 00:00:00,,,
65,1139,1161,153.575653568,151.625,,,-126.79248192000045,0.0,-0.012701580769352239,2013-08-21 20:00:00,2013-08-27 12:00:00,5 days 16:00:00,,,
-65,1167,1177,150.49234950000002,152.36,,,-121.39728249999976,0.0,-0.0124102687359533,2013-08-28 12:00:00,2013-08-30 04:00:00,1 days 16:00:00,,,
63,1190,1214,154.930654923,155.927,,,62.769739851000054,0.0,0.006430909864127088,2013-09-03 08:00:00,2013-09-09 08:00:00,6 days 00:00:00,,,
62,1216,1238,156.51665650899997,157.695,,,73.0572964420013,0.0,0.007528550106309373,2013-09-09 16:00:00,2013-09-13 08:00:00,3 days 16:00:00,,,
62,1250,1280,157.93565792799998,158.561,,,38.77120846400146,0.0,0.003959473624918219,2013-09-17 08:00:00,2013-09-24 08:00:00,7 days 00:00:00,,,
62,1306,1307,159.09465908699997,159.131,,,2.2531366060019877,0.0,0.00022842321174443292,2013-09-30 16:00:00,2013-09-30 20:00:00,0 days 04:00:00,,,157.392
-63,1324,1326,157.48934250300002,157.1,,,24.52857768900145,0.0,0.002472183176411513,2013-10-03 16:00:00,2013-10-04 00:00:00,0 days 08:00:00,,,156.704
-63,1328,1358,156.696343296,157.363,,,-41.9993723519994,0.0,-0.004254449657071335,2013-10-04 08:00:00,2013-10-11 08:00:00,7 days 00:00:00,,,
63,1367,1410,157.52465751699998,157.321,,,-12.830423570998875,0.0,-0.0012928611952576219,2013-10-14 20:00:00,2013-10-24 00:00:00,9 days 04:00:00,,,
-63,1428,1429,157.12234287,156.979,,,9.030600809999868,0.0,0.0009123009966736095,2013-10-29 00:00:00,2013-10-29 04:00:00,0 days 04:00:00,,,
-63,1442,1443,157.33234266000002,157.312,,,1.2815875800007177,0.0,0.0001292973819373433,2013-10-31 08:00:00,2013-10-31 12:00:00,0 days 04:00:00,,,
-63,1458,1465,157.088342904,158.255,,,-73.49939704799965,0.0,-0.007426757927626593,2013-11-05 00:00:00,2013-11-06 04:00:00,1 days 04:00:00,,,
62,1473,1479,158.99465898699998,157.819,,,-72.89085719399947,0.0,-0.007394330064232624,2013-11-07 12:00:00,2013-11-08 12:00:00,1 days 00:00:00,,,
61,1488,1498,158.829658822,158.998,,,10.26881185799948,0.0,0.0010598850318543906,2013-11-12 00:00:00,2013-11-13 16:00:00,1 days 16:00:00,,,
61,1501,1592,159.705,167.294,,,462.9289999999999,0.0,0.047518862903478176,2013-11-14 04:00:00,2013-12-05 08:00:00,21 days 04:00:00,,,
60,1606,1621,168.888,167.877,,,-60.65999999999974,0.0,-0.005986215716924814,2013-12-09 16:00:00,2013-12-12 04:00:00,2 days 12:00:00,,,
-61,1641,1651,167.335332657,170.175,,,-173.21970792300013,0.0,-0.016969920804595917,2013-12-17 12:00:00,2013-12-19 04:00:00,1 days 16:00:00,,,
58,1656,1703,170.754670747,171.371,,,35.747096674000204,0.0,0.003609443011448832,2013-12-20 00:00:00,2014-01-03 08:00:00,14 days 08:00:00,,,171.042
-58,1707,1724,171.034328958,172.635,,,-92.83892043599928,0.0,-0.009358770556483265,2014-01-06 00:00:00,2014-01-08 20:00:00,2 days 20:00:00,,,
57,1728,1739,172.842672835,170.652,,,-124.86835159500086,0.0,-0.012674374904461772,2014-01-09 12:00:00,2014-01-13 08:00:00,3 days 20:00:00,,,
57,1763,1764,171.791671784,171.489,,,-17.252291687999048,0.0,-0.0017618536501614601,2014-01-17 08:00:00,2014-01-17 12:00:00,0 days 04:00:00,,,
57,1773,1774,171.485671478,171.92,,,24.756725753999262,0.0,0.0025327394309775375,2014-01-21 00:00:00,2014-01-21 04:00:00,0 days 04:00:00,,,
57,1781,1794,172.37567236799998,170.373,,,-114.15232497599953,0.0,-0.011618068492429412,2014-01-22 08:00:00,2014-01-24 12:00:00,2 days 04:00:00,,,
-57,1816,1817,169.197,169.586,,,-22.17300000000057,0.0,-0.0022990951376207214,2014-01-30 04:00:00,2014-01-30 08:00:00,0 days 04:00:00,,168.687,
-57,1818,1854,168.428,166.826,,,91.31400000000022,0.0,0.009511482651340608,2014-01-30 12:00:00,2014-02-07 12:00:00,8 days 00:00:00,,,
58,1865,1906,168.442668435,169.952,,,87.5412307699998,0.0,0.008960506141485247,2014-02-11 08:00:00,2014-02-20 04:00:00,8 days 20:00:00,,,
57,1914,1915,171.163671156,171.426,,,14.952744107999735,0.0,0.001532619873296115,2014-02-21 12:00:00,2014-02-21 16:00:00,0 days 04:00:00,,,170.122
-58,1949,1950,169.371330621,169.428,,,-3.2868239819999303,0.0,-0.00033458660797092143,2014-03-03 08:00:00,2014-03-03 12:00:00,0 days 04:00:00,,,
-58,1953,1961,169.015,170.372,,,-78.70600000000161,0.0,-0.008028873176937124,2014-03-04 00:00:00,2014-03-05 08:00:00,1 days 08:00:00,,,
57,1965,1986,171.393671386,171.558,,,9.366730997999923,0.0,0.0009587787732834308,2014-03-06 00:00:00,2014-03-11 12:00:00,5 days 12:00:00,,,
-57,1999,2028,170.151329841,169.328,,,46.92980093700018,0.0,0.004838809322086246,2014-03-13 16:00:00,2014-03-20 12:00:00,6 days 20:00:00,,,
-58,2041,2043,168.376331616,168.62,,,-14.132766272000993,0.0,-0.0014471652972920523,2014-03-24 16:00:00,2014-03-25 00:00:00,0 days 08:00:00,,,168.322
58,2057,2098,169.684669677,171.137,,,84.23515873400072,0.0,0.00855899549301986,2014-03-27 08:00:00,2014-04-07 04:00:00,10 days 20:00:00,,168.627,
-58,2107,2120,170.704329288,170.363,,,19.797098703999836,0.0,0.0019995350406382117,2014-04-08 16:00:00,2014-04-10 20:00:00,2 days 04:00:00,,,
-58,2121,2143,170.254,171.737,,,-86.01400000000024,0.0,-0.008710514877770859,2014-04-11 00:00:00,2014-04-16 16:00:00,5 days 16:00:00,,,
57,2149,2176,172.01867201099998,171.976,,,-2.432304626998814,0.0,-0.0002480661575927634,2014-04-17 16:00:00,2014-04-24 04:00:00,6 days 12:00:00,,,
-57,2184,2185,171.467328525,171.583,,,-6.593274074999954,0.0,-0.0006745977557067739,2014-04-25 12:00:00,2014-04-25 16:00:00,0 days 04:00:00,,,
57,2196,2221,172.580672573,172.145,,,-24.83333666099867,0.0,-0.002524457498655819,2014-04-29 12:00:00,2014-05-05 16:00:00,6 days 04:00:00,,,
-57,2244,2245,171.764328228,171.457,,,17.517708996000977,0.0,0.00178924361752264,2014-05-09 12:00:00,2014-05-09 16:00:00,0 days 04:00:00,,,
-57,2246,2255,171.467,172.552,,,-61.844999999998834,0.0,-0.0063277481964458815,2014-05-09 20:00:00,2014-05-13 08:00:00,3 days 12:00:00,,,
-57,2269,2297,170.43932955300002,171.689,,,-71.23121547899837,0.0,-0.0073320544634702944,2014-05-15 16:00:00,2014-05-22 08:00:00,6 days 16:00:00,,,
56,2304,2322,171.771671764,170.899,,,-48.869618783999385,0.0,-0.00508041724830488,2014-05-23 12:00:00,2014-05-28 12:00:00,5 days 00:00:00,,,
-57,2327,2341,169.871330121,171.107,,,-70.43318310299998,0.0,-0.007274152019177249,2014-05-29 08:00:00,2014-06-02 16:00:00,4 days 08:00:00,,,
56,2346,2379,171.623671616,171.473,,,-8.437610495999024,0.0,-0.0008779186144968198,2014-06-03 12:00:00,2014-06-11 00:00:00,7 days 12:00:00,,,
-56,2383,2395,171.18,172.952,,,-99.23199999999952,0.0,-0.010351676597733395,2014-06-11 16:00:00,2014-06-13 16:00:00,2 days 00:00:00,,,
54,2407,2434,173.35667334899998,173.369,,,0.6656391540012692,0.0,7.11057195659226e-05,2014-06-17 16:00:00,2014-06-24 04:00:00,6 days 12:00:00,,172.818,
-55,2447,2465,172.71532727700003,173.537,,,-45.19199976499877,0.0,-0.004757381617221501,2014-06-26 08:00:00,2014-07-01 08:00:00,5 days 00:00:00,,,
54,2470,2495,174.28767428,174.386,,,5.309588879999524,0.0,0.0005641576227704004,2014-07-02 04:00:00,2014-07-08 08:00:00,6 days 04:00:00,,,
-54,2507,2530,173.79032620200002,174.294,,,-27.198385091999683,0.0,-0.002898169357335556,2014-07-10 08:00:00,2014-07-16 04:00:00,5 days 20:00:00,,,
-54,2544,2584,172.73332725900002,173.037,,,-16.39832801399922,0.0,-0.0017580437187123543,2014-07-18 12:00:00,2014-07-29 04:00:00,10 days 16:00:00,,,
-54,2621,2622,172.760327232,172.435,,,17.56767052800035,0.0,0.0018831130804882745,2014-08-06 08:00:00,2014-08-06 12:00:00,0 days 04:00:00,,,
-55,2631,2651,171.550328442,171.905,,,-19.506935690000375,0.0,-0.00206744901756295,2014-08-08 00:00:00,2014-08-13 08:00:00,5 days 08:00:00,,,
-55,2657,2673,170.83932915300002,171.554,,,-39.30689658499887,0.0,-0.004183292281368933,2014-08-14 08:00:00,2014-08-19 00:00:00,4 days 16:00:00,,,
54,2681,2682,171.67467166699998,171.916,,,13.031729982000684,0.0,0.0014057305638430773,2014-08-20 08:00:00,2014-08-20 12:00:00,0 days 04:00:00,,,
54,2687,2714,172.23767223,172.299,,,3.3116995800010613,0.0,0.00035606478655925144,2014-08-21 08:00:00,2014-08-27 20:00:00,6 days 12:00:00,,,
54,2723,2724,172.530672523,172.438,,,-5.004316242000243,0.0,-0.0005371365082208479,2014-08-29 08:00:00,2014-08-29 12:00:00,0 days 04:00:00,,,
54,2733,2747,173.411673404,172.549,,,-46.58436381599955,0.0,-0.0049747135649294005,2014-09-02 00:00:00,2014-09-04 08:00:00,2 days 08:00:00,,,
-54,2751,2774,171.826,172.764,,,-50.652000000000896,0.0,-0.0054590108598233655,2014-09-05 00:00:00,2014-09-10 20:00:00,5 days 20:00:00,,,
53,2800,2843,174.672674665,177.724,,,161.72024275500007,0.0,0.017468818983003898,2014-09-17 04:00:00,2014-09-26 08:00:00,9 days 04:00:00,,,
-54,2879,2935,174.97532501700002,171.313,,,197.76555091800157,0.0,0.020930522727385714,2014-10-06 08:00:00,2014-10-17 16:00:00,11 days 08:00:00,,,170.201
56,2957,2959,172.554672547,172.895,,,19.05833736800082,0.0,0.001972287669621542,2014-10-23 08:00:00,2014-10-23 16:00:00,0 days 08:00:00,,,171.692
55,2960,3029,173.52,181.512,,,439.5599999999995,0.0,0.04605809128630689,2014-10-23 20:00:00,2014-11-10 08:00:00,17 days 12:00:00,,,
55,3038,3047,183.903,182.626,,,-70.23499999999927,0.0,-0.0069438780226531716,2014-11-11 20:00:00,2014-11-13 08:00:00,1 days 12:00:00,,,
-55,3057,3067,181.53331845900001,182.432,,,-49.427484754998545,0.0,-0.0049505046711464384,2014-11-17 00:00:00,2014-11-18 16:00:00,1 days 16:00:00,,,
54,3070,3159,183.269683262,187.421,,,224.17110385199953,0.0,0.022651410010161577,2014-11-19 04:00:00,2014-12-10 00:00:00,20 days 20:00:00,,,185.192
-55,3163,3200,186.146313846,186.394,,,-13.6227384700004,0.0,-0.0013305992951593293,2014-12-10 16:00:00,2014-12-18 20:00:00,8 days 04:00:00,,,
54,3205,3239,186.73168672399999,185.842,,,-48.0430830959985,0.0,-0.004764519292941305,2014-12-19 16:00:00,2014-12-30 20:00:00,11 days 04:00:00,,,
-55,3247,3317,184.94131505100003,178.383,,,360.7073278050012,0.0,0.03546160061201831,2015-01-02 16:00:00,2015-01-20 08:00:00,17 days 16:00:00,,,177.501
-59,3338,3347,176.948,178.613,,,-98.23499999999953,0.0,-0.00940954404683847,2015-01-23 20:00:00,2015-01-27 08:00:00,3 days 12:00:00,,176.122,
58,3351,3361,179.098,178.424,,,-39.09200000000038,0.0,-0.0037633027727836943,2015-01-28 00:00:00,2015-01-29 16:00:00,1 days 16:00:00,,,
-59,3376,3383,176.089323903,178.581,,,-147.0088897229989,0.0,-0.014150069077285776,2015-02-03 04:00:00,2015-02-04 08:00:00,1 days 04:00:00,,,
57,3390,3437,179.281679274,182.244,,,168.8522813820001,0.0,0.01652327632135031,2015-02-05 12:00:00,2015-02-17 08:00:00,11 days 20:00:00,,,
56,3443,3459,183.37568336799998,183.337,,,-2.1662686079996547,0.0,-0.00021095145926386394,2015-02-18 08:00:00,2015-02-23 00:00:00,4 days 16:00:00,,,181.659
56,3469,3488,184.447,184.855,,,22.847999999999274,0.0,0.0022120175443351986,2015-02-24 16:00:00,2015-02-27 20:00:00,3 days 04:00:00,,,
-57,3509,3528,182.518317474,183.498,,,-55.841903981998655,0.0,-0.005367584687161697,2015-03-05 08:00:00,2015-03-10 12:00:00,5 days 04:00:00,,,
-57,3535,3537,182.012,181.343,,,38.133000000000635,0.0,0.0036755818297695697,2015-03-11 16:00:00,2015-03-12 00:00:00,0 days 08:00:00,,,180.779
-57,3541,3581,180.771319221,179.08,,,96.40519559699922,0.0,0.009356125895902068,2015-03-12 16:00:00,2015-03-23 08:00:00,10 days 16:00:00,,,
-59,3587,3589,178.124321868,178.041,,,4.915990212000764,0.0,0.00046777367136729975,2015-03-24 08:00:00,2015-03-24 16:00:00,0 days 08:00:00,,,
-59,3590,3618,177.858,177.322,,,31.62400000000008,0.0,0.003013640094907233,2015-03-24 20:00:00,2015-03-31 12:00:00,6 days 16:00:00,,,
59,3649,3664,178.907,177.303,,,-94.63600000000079,0.0,-0.008965551934804195,2015-04-07 16:00:00,2015-04-10 04:00:00,2 days 12:00:00,,,
-59,3667,3690,175.828,176.809,,,-57.87899999999968,0.0,-0.005579316149873614,2015-04-10 16:00:00,2015-04-16 12:00:00,5 days 20:00:00,,,
58,3695,3762,178.023678016,181.965,,,228.59667507200072,0.0,0.02213931330890584,2015-04-17 08:00:00,2015-05-04 12:00:00,17 days 04:00:00,,,
-58,3773,3779,181.711318281,182.04,,,-19.063539702000128,0.0,-0.001808812583109054,2015-05-06 08:00:00,2015-05-07 08:00:00,1 days 00:00:00,,,
57,3793,3827,186.02268601499998,187.743,,,98.05789714500105,0.0,0.009247871976546529,2015-05-11 16:00:00,2015-05-19 08:00:00,7 days 16:00:00,,,
56,3839,3852,188.601688594,188.284,,,-17.79056126400019,0.0,-0.0016844419388200027,2015-05-21 08:00:00,2015-05-25 12:00:00,4 days 04:00:00,,,
56,3863,3880,189.65368964599998,189.709,,,3.097379824001564,0.0,0.0002916386920985836,2015-05-27 08:00:00,2015-06-01 04:00:00,4 days 20:00:00,,,
56,3886,3887,189.978689971,189.517,,,-25.85463837599991,0.0,-0.0024302197844952023,2015-06-02 04:00:00,2015-06-02 08:00:00,0 days 04:00:00,,,
56,3889,3890,189.986,190.477,,,27.496000000000777,0.0,0.002584400955859989,2015-06-02 16:00:00,2015-06-02 20:00:00,0 days 04:00:00,,189.109,
56,3893,3921,190.53069052299998,191.277,,,41.793330712000625,0.0,0.003917004000517865,2015-06-03 08:00:00,2015-06-10 00:00:00,6 days 16:00:00,,,
-56,3924,3925,189.328,190.209,,,-49.33600000000001,0.0,-0.0046533000929602775,2015-06-10 12:00:00,2015-06-10 16:00:00,0 days 04:00:00,,,188.958
55,3937,3984,191.94769194,195.61,,,201.42694330000083,0.0,0.019079719182790722,2015-06-12 16:00:00,2015-06-24 12:00:00,11 days 20:00:00,,,
-56,3999,4002,192.687,193.073,,,-21.615999999999758,0.0,-0.002003248792082468,2015-06-29 00:00:00,2015-06-29 12:00:00,0 days 12:00:00,,,
-56,4022,4060,191.951308041,189.963,,,111.34525029600059,0.0,0.010358397977550227,2015-07-02 20:00:00,2015-07-13 04:00:00,10 days 08:00:00,,,
57,4064,4103,191.334,192.638,,,74.32800000000012,0.0,0.006815307263737802,2015-07-13 20:00:00,2015-07-22 08:00:00,8 days 12:00:00,,,
-57,4117,4132,191.905,192.806,,,-51.357000000000596,0.0,-0.004695031395742788,2015-07-24 16:00:00,2015-07-29 04:00:00,4 days 12:00:00,,191.638,
56,4136,4158,193.383,193.169,,,-11.983999999999924,0.0,-0.0011066122668487166,2015-07-29 20:00:00,2015-08-04 12:00:00,5 days 16:00:00,,,
56,4169,4176,195.216695209,193.68,,,-86.05493170399927,0.0,-0.007871740720509557,2015-08-06 08:00:00,2015-08-07 12:00:00,1 days 04:00:00,,,
55,4191,4199,194.91069490299998,194.355,,,-30.563219664999366,0.0,-0.002851023148198961,2015-08-12 00:00:00,2015-08-13 08:00:00,1 days 08:00:00,,,
55,4207,4210,194.403694396,194.635,,,12.721808219999957,0.0,0.0011898210305039125,2015-08-14 16:00:00,2015-08-17 04:00:00,2 days 12:00:00,,193.833,
55,4211,4212,194.595,194.756,,,8.855000000000075,0.0,0.0008273593874457141,2015-08-17 08:00:00,2015-08-17 12:00:00,0 days 04:00:00,,,
55,4218,4219,195.16069515299998,195.098,,,-3.448233414998043,0.0,-0.0003212488710947481,2015-08-18 12:00:00,2015-08-18 16:00:00,0 days 04:00:00,,,193.522
-56,4235,4273,192.938,186.994,,,332.86399999999935,0.0,0.030807824275155715,2015-08-21 08:00:00,2015-08-31 16:00:00,10 days 08:00:00,,,
-60,4275,4276,185.927,186.006,,,-4.740000000000464,0.0,-0.0004248979438166156,2015-09-01 00:00:00,2015-09-01 04:00:00,0 days 04:00:00,,,
-60,4277,4311,185.875,184.327,,,92.88000000000011,0.0,0.008328177538668435,2015-09-01 08:00:00,2015-09-09 00:00:00,7 days 16:00:00,,,
60,4315,4337,185.906,185.059,,,-50.820000000000505,0.0,-0.004556065968822964,2015-09-09 16:00:00,2015-09-15 08:00:00,5 days 16:00:00,,,
60,4362,4364,187.13868713099998,186.497,,,-38.50122785999815,0.0,-0.0034289389374136947,2015-09-21 12:00:00,2015-09-21 20:00:00,0 days 08:00:00,,186.001,
-60,4374,4420,184.08131591100002,182.382,,,101.95895466000081,0.0,0.009231332917141954,2015-09-23 12:00:00,2015-10-05 04:00:00,11 days 16:00:00,,,
62,4429,4460,182.730682723,182.576,,,-9.590328826000473,0.0,-0.0008465065674519989,2015-10-06 16:00:00,2015-10-13 20:00:00,7 days 04:00:00,,181.966,181.823
61,4474,4475,184.358684351,184.285,,,-4.494745410999826,0.0,-0.0003996793059105608,2015-10-16 04:00:00,2015-10-16 08:00:00,0 days 04:00:00,,,
61,4479,4520,184.358684351,184.21,,,-9.069745410999133,0.0,-0.000806494966718807,2015-10-19 00:00:00,2015-10-27 20:00:00,8 days 20:00:00,,,
-61,4524,4535,183.910316082,185.508,,,-97.45871899800008,0.0,-0.00868729907074739,2015-10-28 12:00:00,2015-10-30 08:00:00,1 days 20:00:00,,,
60,4538,4565,186.424,185.2,,,-73.44000000000108,0.0,-0.006565678238853456,2015-10-30 20:00:00,2015-11-06 08:00:00,6 days 12:00:00,,,
59,4583,4603,186.504686497,186.832,,,19.31149667699995,0.0,0.0017549880871505774,2015-11-11 08:00:00,2015-11-16 16:00:00,5 days 08:00:00,,185.938,
59,4606,4607,187.36,187.202,,,-9.322000000000912,0.0,-0.0008432963279249028,2015-11-17 04:00:00,2015-11-17 08:00:00,0 days 04:00:00,,,
59,4608,4630,187.464,186.725,,,-43.601000000000255,0.0,-0.003942090214654526,2015-11-17 12:00:00,2015-11-23 04:00:00,5 days 16:00:00,,,186.447
-59,4634,4668,185.894,185.673,,,13.039000000000215,0.0,0.0011888495594263304,2015-11-23 20:00:00,2015-12-01 12:00:00,7 days 16:00:00,,,185.066
59,4691,4700,186.264686257,184.51,,,-103.52648916300018,0.0,-0.009420391445423837,2015-12-07 08:00:00,2015-12-08 20:00:00,1 days 12:00:00,,,183.75
-59,4706,4719,184.068315924,184.45,,,-22.519360483999947,0.0,-0.0020736000874674865,2015-12-09 20:00:00,2015-12-14 00:00:00,4 days 04:00:00,,,
-59,4722,4884,183.325316667,169.112,,,838.5856833530008,0.0,0.07753057202032654,2015-12-14 12:00:00,2016-01-22 16:00:00,39 days 04:00:00,,,
69,4896,4898,170.004669997,169.906,,,-6.808229793000123,0.0,-0.0005803958032549739,2016-01-26 16:00:00,2016-01-27 00:00:00,0 days 08:00:00,,166.964,
69,4906,4933,170.020670013,171.648,,,112.28576910299972,0.0,0.0095713655691132,2016-01-28 08:00:00,2016-02-03 20:00:00,6 days 12:00:00,,,
-70,4944,4981,169.433,165.565,,,270.75999999999965,0.0,0.022829082882319218,2016-02-05 16:00:00,2016-02-15 20:00:00,10 days 04:00:00,,,
-75,4990,5035,162.41633757600002,158.058,,,326.87531820000186,0.0,0.02683435448087612,2016-02-17 08:00:00,2016-02-26 20:00:00,9 days 12:00:00,,,
-80,5042,5049,156.17934381300003,159.18,,,-240.05249495999806,0.0,-0.019212887656851585,2016-03-01 00:00:00,2016-03-02 04:00:00,1 days 04:00:00,,,
76,5053,5080,159.984,159.626,,,-27.20800000000031,0.0,-0.002237723772377298,2016-03-02 20:00:00,2016-03-09 08:00:00,6 days 12:00:00,,,
75,5094,5108,162.88066287299998,160.164,,,-203.74971547499925,0.0,-0.01667885447591899,2016-03-11 16:00:00,2016-03-16 00:00:00,4 days 08:00:00,,,
-75,5115,5123,159.60834038400003,160.729,,,-84.04947119999875,0.0,-0.00702130987205174,2016-03-17 04:00:00,2016-03-18 12:00:00,1 days 08:00:00,,,
-74,5134,5136,160.114339878,158.741,,,101.6271509719997,0.0,0.00857724473052457,2016-03-22 08:00:00,2016-03-22 16:00:00,0 days 08:00:00,,,
74,5172,5185,162.494662487,158.902,,,-265.85702403800093,0.0,-0.02210941843882064,2016-03-30 16:00:00,2016-04-01 20:00:00,2 days 04:00:00,,161.332,
-74,5193,5228,158.14434184799998,154.904,,,239.78529675199894,0.0,0.020489774152744777,2016-04-05 04:00:00,2016-04-13 00:00:00,7 days 20:00:00,,,153.982
76,5257,5300,156.969,157.853,,,67.1840000000011,0.0,0.005631685237212469,2016-04-19 20:00:00,2016-04-29 00:00:00,9 days 04:00:00,,,
-77,5303,5343,156.132,156.299,,,-12.859000000000123,0.0,-0.001069607767786307,2016-04-29 12:00:00,2016-05-10 04:00:00,10 days 16:00:00,,,
76,5347,5368,157.718,156.202,,,-115.21599999999933,0.0,-0.009612092468836764,2016-05-10 20:00:00,2016-05-16 08:00:00,5 days 12:00:00,,,
75,5381,5401,158.97065896299998,158.371,,,-44.97442222499757,0.0,-0.0037721361093403516,2016-05-18 12:00:00,2016-05-23 20:00:00,5 days 08:00:00,,157.005,
73,5411,5427,161.458,161.786,,,23.944000000000216,0.0,0.002031488065007636,2016-05-25 12:00:00,2016-05-30 04:00:00,4 days 16:00:00,,160.419,
73,5429,5441,162.187,158.862,,,-242.72500000000124,0.0,-0.02050102659276032,2016-05-30 12:00:00,2016-06-01 12:00:00,2 days 00:00:00,,,
-74,5444,5469,157.893,155.69,,,163.02200000000022,0.0,0.01395248681068828,2016-06-02 00:00:00,2016-06-08 04:00:00,6 days 04:00:00,,157.205,
-77,5484,5520,153.630346362,152.97,,,50.84666987400098,0.0,0.0042982807605213,2016-06-10 16:00:00,2016-06-20 16:00:00,10 days 00:00:00,,,
77,5524,5545,153.632653625,140.618,,,-1002.1283291249995,0.0,-0.08471280888480448,2016-06-21 08:00:00,2016-06-24 20:00:00,3 days 12:00:00,,,
-81,5549,5613,134.31536567700002,133.817,,,40.367619837000774,0.0,0.003710414474829893,2016-06-27 12:00:00,2016-07-12 04:00:00,14 days 16:00:00,,,
78,5626,5650,139.506639499,138.985,,,-40.68788092199799,0.0,-0.003739173281453123,2016-07-14 08:00:00,2016-07-20 08:00:00,6 days 00:00:00,,136.368,
77,5655,5663,142.016,139.976,,,-157.0799999999994,0.0,-0.014364578639026515,2016-07-21 04:00:00,2016-07-22 12:00:00,1 days 08:00:00,,,
-77,5672,5687,138.410361582,138.163,,,19.04684181399972,0.0,0.0017871608683968088,2016-07-26 00:00:00,2016-07-28 12:00:00,2 days 12:00:00,,,
-78,5690,5773,137.790362202,130.51,,,567.8682517560017,0.0,0.052836512551778125,2016-07-29 00:00:00,2016-08-17 20:00:00,19 days 20:00:00,,,
86,5794,5862,132.149632142,135.568,,,293.9796357880009,0.0,0.02586740350761496,2016-08-23 08:00:00,2016-09-07 16:00:00,15 days 08:00:00,,,
-86,5868,5878,135.373364619,136.032,,,-56.642642766000904,0.0,-0.004865324747255206,2016-09-08 16:00:00,2016-09-12 08:00:00,3 days 16:00:00,,,
-85,5879,5894,135.508,135.456,,,4.420000000001778,0.0,0.0003837411813326641,2016-09-12 12:00:00,2016-09-15 00:00:00,2 days 12:00:00,,,134.896
-86,5897,5954,134.888365104,131.013,,,333.2813989439997,0.0,0.028730165874662816,2016-09-15 12:00:00,2016-09-29 00:00:00,13 days 12:00:00,,,130.553
-93,6004,6027,127.453372539,126.758,,,64.66964612700042,0.0,0.005455897518814035,2016-10-11 08:00:00,2016-10-17 04:00:00,5 days 20:00:00,,,
-94,6029,6038,126.647373345,127.684,,,-97.44290556999925,0.0,-0.008185141370252724,2016-10-17 12:00:00,2016-10-19 00:00:00,1 days 12:00:00,,,
-94,6053,6054,126.57937341300001,126.306,,,25.697100822001488,0.0,0.002159699527884862,2016-10-21 12:00:00,2016-10-21 16:00:00,0 days 04:00:00,,,
-94,6066,6067,126.5923734,127.129,,,-50.4429004000005,0.0,-0.004239012079380267,2016-10-25 16:00:00,2016-10-25 20:00:00,0 days 04:00:00,,,
92,6073,6074,127.936627929,127.914,,,-2.0817694679995498,0.0,-0.00017686826178153758,2016-10-26 20:00:00,2016-10-27 00:00:00,0 days 04:00:00,,,
92,6078,6101,127.976,126.977,,,-91.90799999999956,0.0,-0.0078061511533412675,2016-10-27 16:00:00,2016-11-02 12:00:00,5 days 20:00:00,,,126.8
-92,6105,6112,126.7923732,128.595,,,-165.84166559999989,0.0,-0.01421715482173802,2016-11-03 04:00:00,2016-11-04 08:00:00,1 days 04:00:00,,,
90,6114,6133,128.906628899,130.807,,,171.03339908999914,0.0,0.014742229451124356,2016-11-04 16:00:00,2016-11-09 20:00:00,5 days 04:00:00,,,
88,6138,6213,132.694,138.87,,,543.4880000000014,0.0,0.04654317452183232,2016-11-10 16:00:00,2016-11-29 04:00:00,18 days 12:00:00,,,
87,6220,6255,141.36464135699998,143.61,,,195.34620194100273,0.0,0.015883453043463946,2016-11-30 08:00:00,2016-12-08 04:00:00,7 days 20:00:00,,139.957,
86,6267,6302,145.312,145.126,,,-15.996000000000606,0.0,-0.001280004404316304,2016-12-12 04:00:00,2016-12-20 00:00:00,7 days 20:00:00,,,144.512
-86,6310,6342,145.314354678,143.698,,,139.00650230799943,0.0,0.01112315904083705,2016-12-21 08:00:00,2016-12-28 20:00:00,7 days 12:00:00,,,
-88,6344,6356,142.853,144.186,,,-117.30399999999986,0.0,-0.009331270606847575,2016-12-29 04:00:00,2017-01-02 04:00:00,4 days 00:00:00,,,
86,6363,6378,144.955644948,143.297,,,-142.64346552800146,0.0,-0.011442430880115206,2017-01-03 08:00:00,2017-01-05 20:00:00,2 days 12:00:00,,,
-86,6386,6429,143.148356844,139.746,,,292.6026885839997,0.0,0.02376804679433253,2017-01-09 04:00:00,2017-01-18 08:00:00,9 days 04:00:00,,,
89,6438,6483,141.952,141.978,,,2.314000000000931,0.0,0.0001831605049595897,2017-01-19 20:00:00,2017-01-31 08:00:00,11 days 12:00:00,,,
-89,6487,6494,141.64935834300002,143.285,,,-145.57210747299817,0.0,-0.011547116599281093,2017-02-01 00:00:00,2017-02-02 04:00:00,1 days 04:00:00,,140.43,
-89,6503,6528,140.740359252,141.563,,,-73.2150265719998,0.0,-0.00584509484253215,2017-02-03 16:00:00,2017-02-09 20:00:00,6 days 04:00:00,,,
87,6535,6559,142.36464235699998,141.329,,,-90.10088505899756,0.0,-0.007274575623931634,2017-02-13 00:00:00,2017-02-17 00:00:00,4 days 00:00:00,,,
-87,6579,6580,140.799359193,140.748,,,4.468249790999664,0.0,0.0003647686558686525,2017-02-22 08:00:00,2017-02-22 12:00:00,0 days 04:00:00,,,
-88,6592,6593,140.665359327,140.652,,,1.1756207760015513,0.0,9.497240161993048e-05,2017-02-24 12:00:00,2017-02-24 16:00:00,0 days 04:00:00,,,
-89,6605,6613,138.985361007,139.774,,,-70.18887037700057,0.0,-0.005674259413265048,2017-02-28 16:00:00,2017-03-02 00:00:00,1 days 08:00:00,,,
-88,6631,6650,139.259360733,140.001,,,-65.26425549600094,0.0,-0.005325597238823754,2017-03-07 00:00:00,2017-03-10 04:00:00,3 days 04:00:00,,,
87,6669,6670,140.489640482,139.868,,,-54.08272193400032,0.0,-0.004424813672148642,2017-03-15 08:00:00,2017-03-15 12:00:00,0 days 04:00:00,,,
-87,6672,6673,139.133360859,139.405,,,-23.63260526700074,0.0,-0.001952365265403877,2017-03-15 20:00:00,2017-03-16 00:00:00,0 days 04:00:00,,,
-87,6699,6700,138.875361117,138.733,,,12.385417179000626,0.0,0.0010250998870855454,2017-03-22 08:00:00,2017-03-22 12:00:00,0 days 04:00:00,,,
-87,6703,6724,138.831,139.345,,,-44.71800000000087,0.0,-0.003702343136619435,2017-03-23 00:00:00,2017-03-28 12:00:00,5 days 12:00:00,,137.745,
-88,6729,6741,137.944,139.839,,,-166.7600000000009,0.0,-0.013737458678884318,2017-03-29 08:00:00,2017-03-31 08:00:00,2 days 00:00:00,,137.58,
85,6747,6754,139.860639853,137.422,,,-207.28438750500104,0.0,-0.017436212615380087,2017-04-03 08:00:00,2017-04-04 12:00:00,1 days 04:00:00,,,
-85,6770,6814,137.698362294,137.034,,,56.47079499,0.0,0.004824765399762065,2017-04-07 04:00:00,2017-04-18 12:00:00,11 days 08:00:00,,,
84,6820,6921,140.02364001599997,146.518,,,545.5262386560023,0.0,0.04638045392376555,2017-04-19 12:00:00,2017-05-12 08:00:00,22 days 20:00:00,,,
-84,6937,6938,145.747354245,145.511,,,19.853756580000095,0.0,0.0016216709128228368,2017-05-17 00:00:00,2017-05-17 04:00:00,0 days 04:00:00,,,
-85,6941,6970,145.185,145.302,,,-9.944999999999169,0.0,-0.0008058683748319861,2017-05-17 16:00:00,2017-05-24 12:00:00,6 days 20:00:00,,,
85,6975,6979,145.408645401,144.728,,,-57.85485908499936,0.0,-0.004680914254602597,2017-05-25 08:00:00,2017-05-26 00:00:00,0 days 16:00:00,,,
-86,6991,7008,142.106357886,143.492,,,-119.16522180399812,0.0,-0.009750739760085558,2017-05-30 00:00:00,2017-06-01 20:00:00,2 days 20:00:00,,,142.514
-86,7022,7037,141.86035813200002,142.205,,,-29.6392006479997,0.0,-0.0024294445082346794,2017-06-06 04:00:00,2017-06-08 16:00:00,2 days 12:00:00,,,141.731
-86,7047,7063,140.07235992000003,139.685,,,33.312953120001964,0.0,0.0027654272421857584,2017-06-12 08:00:00,2017-06-15 00:00:00,2 days 16:00:00,,,139.095
85,7083,7089,142.332642325,140.544,,,-152.0345976249986,0.0,-0.012566634721189462,2017-06-20 08:00:00,2017-06-21 08:00:00,1 days 00:00:00,,,
84,7106,7180,141.882641875,145.771,,,326.6220824999997,0.0,0.02740545336353173,2017-06-26 04:00:00,2017-07-12 12:00:00,16 days 08:00:00,,,
-85,7210,7238,145.376354616,145.72,,,-29.209857640001076,0.0,-0.0023638327216810584,2017-07-19 12:00:00,2017-07-26 04:00:00,6 days 16:00:00,,,
84,7246,7253,146.405646398,145.336,,,-89.85029743199789,0.0,-0.007306046073470185,2017-07-27 12:00:00,2017-07-28 16:00:00,1 days 04:00:00,,,
-84,7256,7258,144.987355005,144.952,,,2.969820420001156,0.0,0.00024384888598594223,2017-07-31 04:00:00,2017-07-31 12:00:00,0 days 08:00:00,,,
83,7268,7281,146.15764615,144.662,,,-124.13863044999991,0.0,-0.010233102334345379,2017-08-02 04:00:00,2017-08-04 08:00:00,2 days 04:00:00,,,144.363
-84,7284,7324,144.355355637,142.103,,,189.19787350799947,0.0,0.015602854684961143,2017-08-04 20:00:00,2017-08-15 20:00:00,11 days 00:00:00,,,
-86,7330,7331,141.95335803900002,142.014,,,-5.215208645998928,0.0,-0.0004271963822322089,2017-08-16 20:00:00,2017-08-17 00:00:00,0 days 04:00:00,,,
-86,7334,7372,141.799,140.672,,,96.92200000000082,0.0,0.00794786987214302,2017-08-17 12:00:00,2017-08-25 20:00:00,8 days 08:00:00,,141.494,
87,7378,7410,141.206,141.598,,,34.10400000000212,0.0,0.002776086002011402,2017-08-28 20:00:00,2017-09-05 04:00:00,7 days 08:00:00,,,
87,7433,7434,142.67364266599998,142.931,,,22.39008805800293,0.0,0.0018038183450779233,2017-09-11 00:00:00,2017-09-11 04:00:00,0 days 04:00:00,,,
86,7438,7501,143.746,150.398,,,572.0719999999989,0.0,0.046276070290651505,2017-09-11 20:00:00,2017-09-26 08:00:00,14 days 12:00:00,,,
-86,7526,7565,150.188349804,148.443,,,150.100083144,0.0,0.011621073180960617,2017-10-02 12:00:00,2017-10-11 00:00:00,8 days 12:00:00,,,147.734
-89,7574,7575,147.835352157,147.708,,,11.334341972999113,0.0,0.000861445893298507,2017-10-12 12:00:00,2017-10-12 16:00:00,0 days 04:00:00,,,
88,7579,7581,149.07164906399998,148.764,,,-27.073117631997775,0.0,-0.0020637664232713293,2017-10-13 08:00:00,2017-10-13 16:00:00,0 days 08:00:00,,,
87,7627,7641,150.09565008799999,149.466,,,-54.77955765599799,0.0,-0.004194992244151097,2017-10-25 08:00:00,2017-10-27 16:00:00,2 days 08:00:00,,,
-88,7694,7705,148.53035146200003,149.059,,,-46.52107134399739,0.0,-0.0035591953617319927,2017-11-09 12:00:00,2017-11-13 08:00:00,3 days 20:00:00,,,
-88,7716,7718,148.609351383,148.194,,,36.550921704000075,0.0,0.0027949209059499047,2017-11-15 04:00:00,2017-11-15 12:00:00,0 days 08:00:00,,,
-88,7731,7732,148.08935190300002,147.941,,,13.05496746400172,0.0,0.0010017729235333173,2017-11-17 16:00:00,2017-11-17 20:00:00,0 days 04:00:00,,,
-88,7772,7773,147.801352191,147.764,,,3.2869928079996953,0.0,0.0002527188719608775,2017-11-28 12:00:00,2017-11-28 16:00:00,0 days 04:00:00,,,
-88,7774,7779,147.82235217000002,149.978,,,-189.69700903999933,0.0,-0.01458269198369222,2017-11-28 20:00:00,2017-11-29 16:00:00,0 days 20:00:00,,,
84,7796,7806,152.414652407,151.075,,,-112.53080218800142,0.0,-0.008789525061033365,2017-12-04 12:00:00,2017-12-06 04:00:00,1 days 16:00:00,,,
-85,7840,7848,151.019348973,150.842,,,15.074662704999469,0.0,0.0011743460305321252,2017-12-13 20:00:00,2017-12-15 04:00:00,1 days 08:00:00,,,150.627
-85,7849,7867,150.619349373,151.255,,,-54.03030329499913,0.0,-0.004220245470758499,2017-12-15 08:00:00,2017-12-20 08:00:00,5 days 00:00:00,,,
84,7871,7889,151.643,151.54,,,-8.652000000000726,0.0,-0.000679226868368521,2017-12-21 00:00:00,2017-12-27 04:00:00,6 days 04:00:00,,,
84,7902,7921,151.989651982,152.439,,,37.74523351199957,0.0,0.0029564382320792504,2017-12-29 08:00:00,2018-01-04 12:00:00,6 days 04:00:00,,,
83,7923,7942,152.83265282499997,152.504,,,-27.27818447499814,0.0,-0.002150409738528203,2018-01-04 20:00:00,2018-01-10 00:00:00,5 days 04:00:00,,,
-85,7951,7962,150.351349641,152.186,,,-155.9452805149995,0.0,-0.01220242028675278,2018-01-11 12:00:00,2018-01-15 08:00:00,3 days 20:00:00,,,
82,7966,8023,152.814652807,153.466,,,53.4104698260017,0.0,0.004262334671679913,2018-01-16 00:00:00,2018-01-29 12:00:00,13 days 12:00:00,,,
-83,8027,8037,152.815347177,155.112,,,-190.622184308999,0.0,-0.015028940910888133,2018-01-30 04:00:00,2018-01-31 20:00:00,1 days 16:00:00,,,
79,8045,8056,156.449656442,152.212,,,-334.7748589180002,0.0,-0.027086390206110922,2018-02-02 04:00:00,2018-02-06 00:00:00,3 days 20:00:00,,,
-80,8072,8122,151.317348675,150.175,,,91.3878939999995,0.0,0.007549356930998896,2018-02-08 16:00:00,2018-02-21 00:00:00,12 days 08:00:00,,,
-82,8149,8150,148.991351001,148.991,,,0.028782081998713238,0.0,2.3558481591079428e-06,2018-02-27 12:00:00,2018-02-27 16:00:00,0 days 04:00:00,,,
-83,8158,8180,146.759,147.463,,,-58.43200000000064,0.0,-0.00479698008299323,2018-03-01 00:00:00,2018-03-06 16:00:00,5 days 16:00:00,,,
82,8197,8198,147.66664765899998,147.896,,,18.806891962000748,0.0,0.0015531763240785867,2018-03-09 12:00:00,2018-03-09 16:00:00,0 days 04:00:00,,,
82,8207,8223,148.174648167,148.012,,,-13.337149693998867,0.0,-0.0010976787798184784,2018-03-13 04:00:00,2018-03-15 20:00:00,2 days 16:00:00,,,
-82,8231,8237,147.23935275300002,149.183,,,-159.37907425399777,0.0,-0.013200596244541396,2018-03-19 04:00:00,2018-03-20 04:00:00,1 days 00:00:00,,,
80,8247,8257,149.799649792,147.811,,,-159.09198335999918,0.0,-0.013275396803405615,2018-03-21 20:00:00,2018-03-23 12:00:00,1 days 16:00:00,,,
79,8277,8287,150.502650495,149.194,,,-103.38338910500184,0.0,-0.008695198992814457,2018-03-28 20:00:00,2018-03-30 12:00:00,1 days 16:00:00,,,
-79,8294,8297,148.769351223,148.683,,,6.821746617000656,0.0,0.000580436913182325,2018-04-02 16:00:00,2018-04-03 04:00:00,0 days 12:00:00,,,148.382
78,8307,8369,150.132,152.482,,,183.29999999999956,0.0,0.015652892121599704,2018-04-04 20:00:00,2018-04-19 04:00:00,14 days 08:00:00,,148.798,
-78,8373,8393,151.971348021,152.32,,,-27.19485436199858,0.0,-0.0022941954752668803,2018-04-19 20:00:00,2018-04-25 04:00:00,5 days 08:00:00,,,151.676
78,8398,8410,152.45865245099998,150.171,,,-178.43689117799886,0.0,-0.015005068024822266,2018-04-26 00:00:00,2018-04-30 00:00:00,4 days 00:00:00,,,
-78,8419,8457,149.82835016400003,148.65,,,91.91131279200175,0.0,0.007864667552637483,2018-05-01 12:00:00,2018-05-09 20:00:00,8 days 08:00:00,,,
79,8480,8490,149.07564906800002,149.416,,,26.887723627998298,0.0,0.0022830752985334435,2018-05-15 16:00:00,2018-05-17 08:00:00,1 days 16:00:00,,,
79,8491,8508,149.74,148.82,,,-72.68000000000126,0.0,-0.006143982903699885,2018-05-17 12:00:00,2018-05-22 08:00:00,4 days 20:00:00,,,
-80,8522,8555,145.936354056,144.686,,,100.02832447999936,0.0,0.0085678038490683,2018-05-24 16:00:00,2018-06-01 04:00:00,7 days 12:00:00,,,
81,8568,8590,146.905646898,146.509,,,-32.128398738000016,0.0,-0.0027000112410614507,2018-06-05 08:00:00,2018-06-11 00:00:00,5 days 16:00:00,,,
80,8598,8616,147.85164784399998,146.771,,,-86.45182751999982,0.0,-0.007309001013909633,2018-06-12 08:00:00,2018-06-15 08:00:00,3 days 00:00:00,,,
-80,8622,8646,146.284353708,145.931,,,28.26829663999888,0.0,0.002415526329666906,2018-06-18 08:00:00,2018-06-22 08:00:00,4 days 00:00:00,,,145.425
-81,8664,8680,144.96235503,145.704,,,-60.073242570000815,0.0,-0.005116121146393704,2018-06-27 08:00:00,2018-07-02 00:00:00,4 days 16:00:00,,,
80,8700,8755,146.36864636099997,147.355,,,78.9082911200012,0.0,0.006738831460989969,2018-07-05 08:00:00,2018-07-18 12:00:00,13 days 04:00:00,,145.738,
-80,8760,8788,146.857353135,146.312,,,43.62825079999993,0.0,0.0037134887927516846,2018-07-19 08:00:00,2018-07-26 00:00:00,6 days 16:00:00,,,
-81,8794,8812,145.74235425,146.795,,,-85.26430574999856,0.0,-0.007222648182245717,2018-07-27 00:00:00,2018-08-01 00:00:00,5 days 00:00:00,,,
80,8815,8824,147.00864700099999,145.311,,,-135.8117600799983,0.0,-0.011547939768389526,2018-08-01 12:00:00,2018-08-03 00:00:00,1 days 12:00:00,,,
-80,8828,8897,144.975355017,140.785,,,335.22840136000013,0.0,0.02890391278233906,2018-08-03 16:00:00,2018-08-21 04:00:00,17 days 12:00:00,,,
84,8905,8952,142.670642663,143.396,,,60.93001630799927,0.0,0.005084138708993935,2018-08-22 12:00:00,2018-09-03 08:00:00,11 days 20:00:00,,,
-84,8959,8970,142.637357355,143.803,,,-97.91398217999927,0.0,-0.008172071234458622,2018-09-04 12:00:00,2018-09-06 08:00:00,1 days 20:00:00,,,
82,8977,8978,144.234644227,143.955,,,-22.930826613998136,0.0,-0.0019388145510995658,2018-09-07 12:00:00,2018-09-07 16:00:00,0 days 04:00:00,,,
82,8984,8985,144.788,144.768,,,-1.640000000000839,0.0,-0.00013813299444709326,2018-09-10 16:00:00,2018-09-10 20:00:00,0 days 04:00:00,,143.056,
82,8989,9043,145.24,147.795,,,209.50999999999823,0.0,0.017591572569539915,2018-09-11 12:00:00,2018-09-24 12:00:00,13 days 00:00:00,,,
81,9052,9064,148.862,148.2,,,-53.6220000000005,0.0,-0.004447071784605905,2018-09-26 00:00:00,2018-09-28 00:00:00,2 days 00:00:00,,,
81,9072,9073,148.634648627,148.791,,,12.66446121300055,0.0,0.0010519173991010433,2018-10-01 08:00:00,2018-10-01 12:00:00,0 days 04:00:00,,,
81,9101,9107,149.328,147.939,,,-112.50900000000081,0.0,-0.009301671488267549,2018-10-08 04:00:00,2018-10-09 04:00:00,1 days 00:00:00,,,147.478
-81,9128,9129,147.789352203,147.325,,,37.61252844300034,0.0,0.003141986862234658,2018-10-12 16:00:00,2018-10-12 20:00:00,0 days 04:00:00,,,
-81,9134,9143,147.136,148.197,,,-85.94100000000057,0.0,-0.0072110156589821894,2018-10-15 16:00:00,2018-10-17 04:00:00,1 days 12:00:00,,146.492,147.693
-81,9152,9166,147.029352963,146.199,,,67.25859000299965,0.0,0.005647531912957193,2018-10-18 16:00:00,2018-10-23 00:00:00,4 days 08:00:00,,,
-82,9167,9209,145.790354202,145.063,,,59.64304456400123,0.0,0.00498904201160133,2018-10-23 04:00:00,2018-11-01 04:00:00,9 days 00:00:00,,,
82,9215,9251,146.399,147.442,,,85.52600000000052,0.0,0.007124365603590199,2018-11-02 04:00:00,2018-11-12 04:00:00,10 days 00:00:00,,,
-83,9257,9265,146.279,147.662,,,-114.78900000000081,0.0,-0.009454535510907247,2018-11-13 04:00:00,2018-11-14 12:00:00,1 days 08:00:00,,,
-83,9275,9305,145.079,145.458,,,-31.456999999999226,0.0,-0.0026123698123090566,2018-11-16 04:00:00,2018-11-23 04:00:00,7 days 00:00:00,,144.232,
-83,9330,9331,144.57135542100002,144.755,,,-15.24250005699787,0.0,-0.0012702694698074612,2018-11-29 08:00:00,2018-11-29 12:00:00,0 days 04:00:00,,,
-83,9343,9346,144.597355395,144.592,,,0.4444977849984184,0.0,3.7036604060625145e-05,2018-12-03 12:00:00,2018-12-04 00:00:00,0 days 12:00:00,,,144.16
-83,9347,9391,144.15235584,143.655,,,41.28053472000096,0.0,0.0034502095862521953,2018-12-04 04:00:00,2018-12-13 12:00:00,9 days 08:00:00,,,
-84,9404,9460,142.285357707,139.429,,,239.93404738800007,0.0,0.020074853470741005,2018-12-17 16:00:00,2019-01-02 08:00:00,15 days 16:00:00,,,
-89,9462,9479,137.679,137.934,,,-22.694999999999595,0.0,-0.00185213431242226,2019-01-02 16:00:00,2019-01-07 12:00:00,4 days 20:00:00,,,
87,9510,9521,139.56163955399998,139.843,,,24.478358802000685,0.0,0.0020160299556464256,2019-01-14 16:00:00,2019-01-16 12:00:00,1 days 20:00:00,,138.583,
87,9522,9582,140.04664003899998,143.295,,,282.6073166070005,0.0,0.023194843946955146,2019-01-16 16:00:00,2019-01-30 16:00:00,14 days 00:00:00,,,
-88,9590,9600,142.692,143.573,,,-77.52800000000002,0.0,-0.006174137302721983,2019-02-01 00:00:00,2019-02-04 16:00:00,3 days 16:00:00,,142.223,
-88,9617,9640,141.729358263,142.861,,,-99.58447285599959,0.0,-0.007984525936398201,2019-02-07 12:00:00,2019-02-13 08:00:00,5 days 20:00:00,,,
86,9664,9725,143.01064300299998,147.624,,,396.74870174200095,0.0,0.03225883682589448,2019-02-19 08:00:00,2019-03-05 12:00:00,14 days 04:00:00,,,
-87,9737,9755,146.67235332,147.043,,,-32.24626115999939,0.0,-0.0025270384746014507,2019-03-07 12:00:00,2019-03-12 12:00:00,5 days 00:00:00,,,
85,9777,9785,148.36764836,147.692,,,-57.43011059999972,0.0,-0.004553879282096607,2019-03-18 04:00:00,2019-03-19 12:00:00,1 days 08:00:00,,,
85,9788,9795,148.045648038,146.294,,,-148.8900832299987,0.0,-0.011831810399116738,2019-03-20 00:00:00,2019-03-21 04:00:00,1 days 04:00:00,,,
-86,9798,9819,145.682,145.732,,,-4.300000000000978,0.0,-0.00034321330020192775,2019-03-21 16:00:00,2019-03-27 04:00:00,5 days 12:00:00,,,
-87,9832,9843,144.17435581799998,145.574,,,-121.76904383400273,0.0,-0.00970799677972467,2019-03-29 08:00:00,2019-04-02 04:00:00,3 days 20:00:00,,,
84,9847,9864,146.33864633099998,145.644,,,-58.35029180399772,0.0,-0.004746841305534377,2019-04-02 20:00:00,2019-04-05 16:00:00,2 days 20:00:00,,144.915,
-85,9875,9892,145.073354919,146.071,,,-84.79983188500015,0.0,-0.006876831941723616,2019-04-09 12:00:00,2019-04-12 08:00:00,2 days 20:00:00,,,
83,9895,9911,146.595,146.014,,,-48.222999999999075,0.0,-0.003963300248985169,2019-04-12 20:00:00,2019-04-17 12:00:00,4 days 16:00:00,,,
-84,9920,9963,145.345,144.476,,,72.99599999999998,0.0,0.005978877842375052,2019-04-19 00:00:00,2019-04-30 04:00:00,11 days 04:00:00,,,
84,9972,9987,145.574,144.994,,,-48.72000000000105,0.0,-0.003984227952793851,2019-05-01 16:00:00,2019-05-06 04:00:00,4 days 12:00:00,,,
-85,9999,10060,143.965,140.401,,,302.9399999999994,0.0,0.024756017087486537,2019-05-08 04:00:00,2019-05-22 08:00:00,14 days 04:00:00,,,
-89,10064,10122,139.623360369,137.444,,,193.963072841002,0.0,0.015608852009007301,2019-05-23 00:00:00,2019-06-05 16:00:00,13 days 16:00:00,,139.298,137.194
92,10138,10157,138.158638151,137.316,,,-77.52270989199894,0.0,-0.006099062369730568,2019-06-10 08:00:00,2019-06-13 12:00:00,3 days 04:00:00,,,
-92,10162,10186,137.073362919,136.468,,,55.693388548001394,0.0,0.004416342505273896,2019-06-14 08:00:00,2019-06-20 08:00:00,6 days 00:00:00,,,
92,10226,10227,137.325637318,137.321,,,-0.42663325599937707,0.0,-3.37687710071366e-05,2019-07-01 00:00:00,2019-07-01 04:00:00,0 days 04:00:00,,,
-93,10265,10266,135.523364469,135.46,,,5.892895616999311,0.0,0.0004675538365526144,2019-07-09 12:00:00,2019-07-09 16:00:00,0 days 04:00:00,,,
-94,10274,10275,135.377364615,135.27,,,10.092273809999483,0.0,0.0007930765627276459,2019-07-11 00:00:00,2019-07-11 04:00:00,0 days 04:00:00,,,
-94,10276,10282,135.313,135.855,,,-50.94800000000015,0.0,-0.004005527924146213,2019-07-11 08:00:00,2019-07-12 08:00:00,1 days 00:00:00,,,
-94,10294,10314,134.935365057,134.813,,,11.502315358002306,0.0,0.0009068420050468706,2019-07-16 08:00:00,2019-07-19 16:00:00,3 days 08:00:00,,,
93,10338,10349,135.27763527,133.903,,,-127.8410801099999,0.0,-0.0101615855958479,2019-07-25 16:00:00,2019-07-29 12:00:00,3 days 20:00:00,,,
-94,10353,10421,132.83236716000002,128.424,,,414.3865130400011,0.0,0.03318744711287136,2019-07-30 04:00:00,2019-08-14 12:00:00,15 days 08:00:00,,,
100,10434,10449,129.447,129.315,,,-13.2000000000005,0.0,-0.0010197223574127667,2019-08-16 16:00:00,2019-08-21 04:00:00,4 days 12:00:00,,,
100,10457,10470,129.669629662,129.863,,,19.337033799999404,0.0,0.0014912538772882122,2019-08-22 12:00:00,2019-08-26 16:00:00,4 days 04:00:00,,,
99,10476,10477,130.14363013599998,130.008,,,-13.4273834639975,0.0,-0.0010421573138711393,2019-08-27 16:00:00,2019-08-27 20:00:00,0 days 04:00:00,,128.998,
-100,10496,10497,128.708,128.893,,,-18.500000000000227,0.0,-0.0014373620909344798,2019-09-02 00:00:00,2019-09-02 04:00:00,0 days 04:00:00,,,
-101,10500,10515,128.392,130.187,,,-181.2950000000016,0.0,-0.013980621845598007,2019-09-02 16:00:00,2019-09-05 04:00:00,2 days 12:00:00,,,
97,10518,10589,131.757,133.496,,,168.68300000000042,0.0,0.013198539736029247,2019-09-05 16:00:00,2019-09-23 12:00:00,17 days 20:00:00,,129.903,
-97,10598,10628,133.53036646200002,132.483,,,101.59454681400132,0.0,0.007843657512151547,2019-09-25 00:00:00,2019-10-02 00:00:00,7 days 00:00:00,,,131.774
-99,10630,10657,131.766368226,130.866,,,89.13645437399836,0.0,0.006833065509217917,2019-10-02 08:00:00,2019-10-08 20:00:00,6 days 12:00:00,,,
-100,10658,10671,130.796,134.351,,,-355.5000000000007,0.0,-0.02717973026698073,2019-10-09 00:00:00,2019-10-11 04:00:00,2 days 04:00:00,,130.422,
93,10674,10722,136.821,139.784,,,275.5589999999994,0.0,0.021656032334217645,2019-10-11 16:00:00,2019-10-23 16:00:00,12 days 00:00:00,,133.894,
93,10753,10763,140.47764046999998,139.908,,,-52.976563709999624,0.0,-0.004055025896606224,2019-10-30 20:00:00,2019-11-01 12:00:00,1 days 16:00:00,,,
-93,10794,10795,139.858360134,139.437,,,39.186492461999705,0.0,0.0030127632956391537,2019-11-08 16:00:00,2019-11-08 20:00:00,0 days 04:00:00,,,
-93,10799,10804,139.499,140.457,,,-89.09399999999985,0.0,-0.006867432741453294,2019-11-11 12:00:00,2019-11-12 08:00:00,0 days 20:00:00,,,
-92,10818,10827,139.425360567,140.609,,,-108.89482783599965,0.0,-0.00848941274518844,2019-11-14 16:00:00,2019-11-18 04:00:00,3 days 12:00:00,,139.389,
-91,10852,10853,139.95936003300002,139.726,,,21.23576300300229,0.0,0.001667341383563059,2019-11-22 08:00:00,2019-11-22 12:00:00,0 days 04:00:00,,,
91,10872,10873,140.90464089699998,140.966,,,5.58367837300267,0.0,0.0004354654510272393,2019-11-27 16:00:00,2019-11-27 20:00:00,0 days 04:00:00,,140.041,
90,10887,10896,141.68464167699997,141.29,,,-35.51775092999833,0.0,-0.002785352543006381,2019-12-02 04:00:00,2019-12-03 16:00:00,1 days 12:00:00,,,
90,10900,10901,141.712641705,141.951,,,21.452246549998506,0.0,0.0016819832876742158,2019-12-04 08:00:00,2019-12-04 12:00:00,0 days 04:00:00,,,
90,10904,10959,142.619,143.347,,,65.52000000000078,0.0,0.005104509216864672,2019-12-05 00:00:00,2019-12-18 04:00:00,13 days 04:00:00,,,
-90,10967,10994,143.08835690400002,142.192,,,80.67212136000137,0.0,0.006264359472667569,2019-12-19 12:00:00,2019-12-27 04:00:00,7 days 16:00:00,,,
90,11008,11011,143.42764341999998,143.592,,,14.792092200002855,0.0,0.0011459198246654978,2019-12-31 12:00:00,2020-01-02 04:00:00,1 days 16:00:00,,,
-92,11022,11031,140.98635900600001,142.859,,,-172.28297144799944,0.0,-0.013282426804995362,2020-01-06 00:00:00,2020-01-07 12:00:00,1 days 12:00:00,,,
89,11049,11058,143.458643451,142.782,,,-60.22126713899908,0.0,-0.004716644704862993,2020-01-10 12:00:00,2020-01-14 00:00:00,3 days 12:00:00,,,
89,11070,11086,143.389643382,143.246,,,-12.78426099799941,0.0,-0.0010017695742314814,2020-01-16 00:00:00,2020-01-20 16:00:00,4 days 16:00:00,,,142.799
-89,11120,11138,142.044357948,142.842,,,-70.99014262800131,0.0,-0.0056154433975619256,2020-01-28 08:00:00,2020-01-31 08:00:00,3 days 00:00:00,,,
-89,11172,11186,141.337,142.39,,,-93.71699999999976,0.0,-0.007450278412588274,2020-02-10 00:00:00,2020-02-12 08:00:00,2 days 08:00:00,,,
88,11193,11212,142.890642883,142.994,,,9.095426296000142,0.0,0.0007233301979376883,2020-02-13 12:00:00,2020-02-18 16:00:00,5 days 04:00:00,,,142.312
88,11216,11217,143.233643226,143.377,,,12.615396112001008,0.0,0.001000859649808783,2020-02-19 08:00:00,2020-02-19 12:00:00,0 days 04:00:00,,142.742,
87,11221,11239,143.67,143.558,,,-9.743999999999545,0.0,-0.0007795642792510771,2020-02-20 04:00:00,2020-02-25 04:00:00,5 days 00:00:00,,,
-88,11246,11352,142.95135704100002,129.357,,,1196.303419608002,0.0,0.09509778236733357,2020-02-26 08:00:00,2020-03-23 00:00:00,25 days 16:00:00,,,
105,11368,11401,131.42363141599998,133.063,,,172.13370132000108,0.0,0.012473925475479097,2020-03-25 16:00:00,2020-04-02 04:00:00,7 days 12:00:00,,,
104,11414,11415,134.090634083,134.419,,,34.150055368001404,0.0,0.0024488355897904768,2020-04-06 08:00:00,2020-04-06 12:00:00,0 days 04:00:00,,132.384,
104,11421,11450,134.523634516,135.294,,,80.1180103360025,0.0,0.005726618127526173,2020-04-07 12:00:00,2020-04-14 08:00:00,6 days 20:00:00,,,
104,11453,11460,135.414635407,134.483,,,-96.8900823279987,0.0,-0.006879872357961059,2020-04-14 20:00:00,2020-04-16 00:00:00,1 days 04:00:00,,134.573,
-104,11476,11507,133.890366102,133.066,,,85.7340746079999,0.0,0.0061570232870376,2020-04-20 16:00:00,2020-04-27 20:00:00,7 days 04:00:00,,,
-106,11542,11564,132.51236748000002,132.892,,,-40.24104711999712,0.0,-0.0028648836876095096,2020-05-05 16:00:00,2020-05-11 08:00:00,5 days 16:00:00,,,
-107,11579,11601,130.825,131.659,,,-89.23800000000034,0.0,-0.0063749283393848,2020-05-13 20:00:00,2020-05-19 12:00:00,5 days 16:00:00,,,
105,11650,11653,132.884632877,133.362,,,50.12354791499931,0.0,0.003592342565613693,2020-05-29 16:00:00,2020-06-01 04:00:00,2 days 12:00:00,,,
105,11654,11694,133.138,137.082,,,414.11999999999875,0.0,0.02962339827847793,2020-06-01 08:00:00,2020-06-10 00:00:00,8 days 16:00:00,,,
-107,11705,11723,134.675,135.161,,,-52.00199999999893,0.0,-0.0036086875812140207,2020-06-11 20:00:00,2020-06-16 20:00:00,5 days 00:00:00,,,
-107,11728,11752,134.425365567,133.241,,,126.72711566899852,0.0,0.008810580964421333,2020-06-17 16:00:00,2020-06-23 16:00:00,6 days 00:00:00,,,
-109,11768,11787,132.670367322,133.19,,,-56.6399619019993,0.0,-0.003916719976653216,2020-06-26 08:00:00,2020-07-01 12:00:00,5 days 04:00:00,,,
107,11789,11831,134.071,134.983,,,97.58400000000066,0.0,0.006802365910599573,2020-07-01 20:00:00,2020-07-10 20:00:00,9 days 00:00:00,,132.943,
107,11836,11842,135.205635198,134.334,,,-93.26496618600075,0.0,-0.00644673719940414,2020-07-13 16:00:00,2020-07-14 16:00:00,1 days 00:00:00,,,
106,11871,11892,136.21,135.624,,,-62.11600000000135,0.0,-0.004302180456647875,2020-07-21 12:00:00,2020-07-27 00:00:00,5 days 12:00:00,,,134.996
105,11911,11953,136.375,138.154,,,186.79499999999962,0.0,0.013044912923922958,2020-07-30 04:00:00,2020-08-10 04:00:00,11 days 00:00:00,,,
104,11963,11989,139.462,138.879,,,-60.631999999999834,0.0,-0.0041803502029226225,2020-08-11 20:00:00,2020-08-18 04:00:00,6 days 08:00:00,,,
-104,12010,12011,138.555361437,138.456,,,10.333589447999884,0.0,0.0007171244473652694,2020-08-21 16:00:00,2020-08-21 20:00:00,0 days 04:00:00,,,
-105,12016,12025,138.306361686,139.929,,,-170.37702296999996,0.0,-0.011732203018136822,2020-08-24 16:00:00,2020-08-26 04:00:00,1 days 12:00:00,,,
102,12028,12067,140.13664012899997,140.914,,,79.29070684200161,0.0,0.005547156477309745,2020-08-26 16:00:00,2020-09-04 04:00:00,8 days 12:00:00,,,
-103,12074,12158,140.10235989000003,134.461,,,581.0600686700019,0.0,0.04026598762811184,2020-09-07 08:00:00,2020-09-25 08:00:00,18 days 00:00:00,,,
110,12172,12192,136.23163622399997,136.043,,,-20.749984639996057,0.0,-0.001384672673899301,2020-09-29 16:00:00,2020-10-05 00:00:00,5 days 08:00:00,,,
109,12196,12208,137.015637008,136.575,,,-48.02943387200111,0.0,-0.00321596145974401,2020-10-05 16:00:00,2020-10-07 16:00:00,2 days 00:00:00,,,
108,12220,12237,137.406637399,135.972,,,-154.94083909199958,0.0,-0.010440815859819819,2020-10-09 16:00:00,2020-10-14 12:00:00,4 days 20:00:00,,,
-109,12247,12258,135.758364234,136.464,,,-76.91429849400004,0.0,-0.005197733266612881,2020-10-16 04:00:00,2020-10-20 00:00:00,3 days 20:00:00,,,
107,12268,12269,137.24963724199998,137.494,,,26.146815106002407,0.0,0.0017804255290609916,2020-10-21 16:00:00,2020-10-21 20:00:00,0 days 04:00:00,,,
-108,12290,12324,136.29136370100002,136.372,,,-8.708720291999043,0.0,-0.0005916464316615411,2020-10-27 08:00:00,2020-11-04 00:00:00,7 days 16:00:00,,,
108,12342,12346,136.24963624199998,138.223,,,213.1232858640036,0.0,0.014483442396096002,2020-11-09 00:00:00,2020-11-09 16:00:00,0 days 16:00:00,,,
107,12347,12368,138.579,137.669,,,-97.36999999999964,0.0,-0.006566651512855404,2020-11-09 20:00:00,2020-11-13 08:00:00,3 days 12:00:00,,,
-107,12389,12390,137.805362187,137.792,,,1.4297540089983158,0.0,9.696420217564228e-05,2020-11-18 20:00:00,2020-11-19 00:00:00,0 days 04:00:00,,,
-108,12393,12404,137.451,138.259,,,-87.26399999999921,0.0,-0.005878458505212736,2020-11-19 12:00:00,2020-11-23 08:00:00,3 days 20:00:00,,137.195,
105,12419,12430,139.769639762,139.018,,,-78.92217500999962,0.0,-0.0053777040799410925,2020-11-25 20:00:00,2020-11-27 16:00:00,1 days 20:00:00,,138.998,
104,12443,12467,139.985,138.963,,,-106.28800000000206,0.0,-0.007300782226667302,2020-12-01 20:00:00,2020-12-07 20:00:00,6 days 00:00:00,,138.96,
-105,12488,12499,138.464,138.834,,,-38.85000000000048,0.0,-0.0026721747168938492,2020-12-11 08:00:00,2020-12-15 04:00:00,3 days 20:00:00,,,
104,12509,12525,139.614639607,137.136,,,-257.77851912799906,0.0,-0.0177534362727082,2020-12-16 20:00:00,2020-12-21 12:00:00,4 days 16:00:00,,,
101,12544,12556,140.889,140.021,,,-87.66800000000237,0.0,-0.006160878422020288,2020-12-24 16:00:00,2020-12-29 16:00:00,5 days 00:00:00,,,
101,12560,12561,140.174640167,140.164,,,-1.074656867001977,0.0,-7.590650482380834e-05,2020-12-30 08:00:00,2020-12-30 12:00:00,0 days 04:00:00,,,
101,12563,12578,140.396,139.987,,,-41.30899999999917,0.0,-0.0029131884099261596,2020-12-30 20:00:00,2021-01-05 08:00:00,5 days 12:00:00,,,
100,12596,12607,141.005640998,140.957,,,-4.864099799999622,0.0,-0.0003449578162669775,2021-01-08 08:00:00,2021-01-12 04:00:00,3 days 20:00:00,,,
99,12609,12631,141.681,140.919,,,-75.43800000000005,0.0,-0.005378279374086858,2021-01-12 12:00:00,2021-01-18 04:00:00,5 days 16:00:00,,,
99,12645,12670,142.1,142.088,,,-1.188000000000045,0.0,-8.444757213232901e-05,2021-01-20 12:00:00,2021-01-26 16:00:00,6 days 04:00:00,,,141.278
98,12676,12709,142.397,143.279,,,86.43600000000049,0.0,0.006193950715253971,2021-01-27 16:00:00,2021-02-04 04:00:00,7 days 12:00:00,,,
98,12716,12734,144.35,144.511,,,15.778000000000134,0.0,0.0011153446484239993,2021-02-05 08:00:00,2021-02-10 08:00:00,5 days 00:00:00,,,
97,12735,12809,144.975,148.718,,,363.0709999999995,0.0,0.025818244524917988,2021-02-10 12:00:00,2021-02-26 20:00:00,16 days 08:00:00,,,
97,12830,12882,149.70164969399997,151.405,,,165.22497968200318,0.0,0.011378300168914501,2021-03-04 08:00:00,2021-03-17 00:00:00,12 days 16:00:00,,149.046,
96,12891,12899,152.218,151.125,,,-104.92799999999897,0.0,-0.007180491137710354,2021-03-18 12:00:00,2021-03-19 20:00:00,1 days 08:00:00,,,
-97,12908,12927,150.324349668,150.973,,,-62.919082204001626,0.0,-0.0043150050769060755,2021-03-23 08:00:00,2021-03-26 12:00:00,3 days 04:00:00,,,
95,12933,12974,151.551651544,151.744,,,18.27310331999911,0.0,0.0012691940605091823,2021-03-29 12:00:00,2021-04-07 08:00:00,8 days 20:00:00,,,
-96,12980,13022,150.64834934400002,150.507,,,13.569537024001875,0.0,0.0009382734335657839,2021-04-08 08:00:00,2021-04-19 08:00:00,11 days 00:00:00,,,
96,13027,13028,151.29,151.453,,,15.648000000001048,0.0,0.0010774010179126492,2021-04-20 04:00:00,2021-04-20 08:00:00,0 days 04:00:00,,,
96,13029,13037,151.668,150.58,,,-104.44799999999941,0.0,-0.007173563309333497,2021-04-20 12:00:00,2021-04-21 20:00:00,1 days 08:00:00,,,
-96,13046,13059,149.587,150.171,,,-56.064000000000306,0.0,-0.0039040825740204177,2021-04-23 08:00:00,2021-04-27 12:00:00,4 days 04:00:00,,149.284,
94,13088,13106,151.936651929,151.699,,,-22.339281325998172,0.0,-0.0015641514143081015,2021-05-04 08:00:00,2021-05-07 08:00:00,3 days 00:00:00,,151.503,151.301
93,13115,13160,153.882,154.092,,,19.53000000000074,0.0,0.0013646820290873496,2021-05-10 20:00:00,2021-05-20 08:00:00,9 days 12:00:00,,,
-93,13246,13257,154.54734544500002,155.068,,,-48.42087361499935,0.0,-0.00336890001896073,2021-06-09 16:00:00,2021-06-11 12:00:00,1 days 20:00:00,,,
-93,13286,13301,153.130346862,154.307,,,-109.42874183399792,0.0,-0.007683997079039884,2021-06-18 08:00:00,2021-06-22 20:00:00,4 days 12:00:00,,,153.094
-92,13324,13342,153.58234641,153.839,,,-23.61213027999861,0.0,-0.0016711138747342869,2021-06-28 16:00:00,2021-07-01 16:00:00,3 days 00:00:00,,,
-93,13369,13383,152.27934771300002,152.591,,,-28.983662690998784,0.0,-0.0020465827551832128,2021-07-08 04:00:00,2021-07-12 12:00:00,4 days 08:00:00,,,
92,13387,13401,153.35,151.942,,,-129.5359999999988,0.0,-0.00918161069448964,2021-07-13 04:00:00,2021-07-15 12:00:00,2 days 08:00:00,,,
-92,13409,13431,151.604348388,151.394,,,19.35205169599999,0.0,0.001387482550709307,2021-07-16 20:00:00,2021-07-22 12:00:00,5 days 16:00:00,,,150.736
92,13437,13474,151.919651912,152.144,,,20.640024095999934,0.0,0.0014767548844172307,2021-07-23 12:00:00,2021-08-02 16:00:00,10 days 04:00:00,,,
-93,13480,13492,151.526348466,152.392,,,-80.50559266199946,0.0,-0.005712877943430561,2021-08-03 16:00:00,2021-08-05 16:00:00,2 days 00:00:00,,,
91,13497,13526,153.03665302899998,152.516,,,-47.37942563899887,0.0,-0.0034021459480123584,2021-08-06 12:00:00,2021-08-13 08:00:00,6 days 20:00:00,,,
-92,13538,13568,150.913349079,150.669,,,22.48011526799894,0.0,0.0016191349571871294,2021-08-17 08:00:00,2021-08-24 08:00:00,7 days 00:00:00,,,150.217
92,13579,13589,151.425,151.283,,,-13.064000000002238,0.0,-0.0009377579659899382,2021-08-26 04:00:00,2021-08-27 20:00:00,1 days 16:00:00,,,
92,13595,13633,151.274651267,152.009,,,67.5600834359991,0.0,0.004854407046054776,2021-08-30 20:00:00,2021-09-08 04:00:00,8 days 08:00:00,,,
92,13641,13642,152.098652091,152.062,,,-3.3719923719980898,0.0,-0.00024097577786585944,2021-09-09 12:00:00,2021-09-09 16:00:00,0 days 04:00:00,,,151.42
92,13657,13665,152.33265232499997,151.25,,,-99.6040138999972,0.0,-0.0071071586326098,2021-09-14 04:00:00,2021-09-15 12:00:00,1 days 08:00:00,,,
-92,13680,13681,150.816,150.994,,,-16.37599999999975,0.0,-0.00118024612773171,2021-09-20 00:00:00,2021-09-20 04:00:00,0 days 04:00:00,,,
-93,13683,13705,149.977,151.592,,,-150.19500000000085,0.0,-0.010768317808730776,2021-09-20 12:00:00,2021-09-24 04:00:00,3 days 16:00:00,,,
90,13712,13725,151.742651735,150.304,,,-129.4786561500007,0.0,-0.00948086591706887,2021-09-27 08:00:00,2021-09-29 12:00:00,2 days 04:00:00,,,
-91,13733,13747,149.901350091,150.808,,,-82.50514171899826,0.0,-0.006048310495199605,2021-09-30 20:00:00,2021-10-05 04:00:00,4 days 08:00:00,,,
89,13750,13827,151.573,157.339,,,513.1739999999992,0.0,0.03804107591721473,2021-10-05 16:00:00,2021-10-22 12:00:00,16 days 20:00:00,,,
-90,13844,13845,156.148343844,156.032,,,10.470945959999938,0.0,0.000745085353682895,2021-10-27 08:00:00,2021-10-27 12:00:00,0 days 04:00:00,,,
-90,13858,13859,156.34534364700002,155.993,,,31.710928230002366,0.0,0.002253624180810654,2021-10-29 16:00:00,2021-10-29 20:00:00,0 days 04:00:00,,,
-90,13864,13882,155.777344215,153.975,,,162.21097935000046,0.0,0.011570002198217355,2021-11-01 16:00:00,2021-11-04 16:00:00,3 days 00:00:00,,,
-93,13886,13928,153.108346884,153.156,,,-4.431739787999277,0.0,-0.00031123787154530014,2021-11-05 08:00:00,2021-11-16 08:00:00,11 days 00:00:00,,,152.939
92,13944,13951,154.27565426799998,153.337,,,-86.3561926559994,0.0,-0.006084266972995023,2021-11-19 00:00:00,2021-11-22 04:00:00,3 days 04:00:00,,,
-94,13979,14020,150.764,150.466,,,28.01200000000017,0.0,0.0019765991881350864,2021-11-26 20:00:00,2021-12-07 16:00:00,10 days 20:00:00,,,
94,14054,14055,150.759650752,150.821,,,5.766829311999913,0.0,0.0004069341345245281,2021-12-15 08:00:00,2021-12-15 12:00:00,0 days 04:00:00,,,
94,14058,14072,151.208,150.005,,,-113.08200000000028,0.0,-0.007955928257764144,2021-12-16 00:00:00,2021-12-20 08:00:00,4 days 08:00:00,,150.271,
92,14090,14168,152.588652581,156.727,,,380.7279625480012,0.0,0.027120938215266177,2021-12-23 08:00:00,2022-01-11 08:00:00,19 days 00:00:00,,,
92,14173,14174,157.319657312,157.359,,,3.619527296000456,0.0,0.00025008119565117504,2022-01-12 04:00:00,2022-01-12 08:00:00,0 days 04:00:00,,,
92,14176,14186,157.564,156.167,,,-128.5239999999992,0.0,-0.008866238480871202,2022-01-12 16:00:00,2022-01-14 08:00:00,1 days 16:00:00,,,
-92,14198,14239,156.228343764,154.146,,,191.57562628800008,0.0,0.013328847466664628,2022-01-18 08:00:00,2022-01-27 04:00:00,8 days 20:00:00,,,
94,14251,14287,154.964654957,156.058,,,102.77443404199994,0.0,0.007055447858760999,2022-01-31 04:00:00,2022-02-08 04:00:00,8 days 00:00:00,,154.088,
94,14290,14314,156.262,156.25,,,-1.1280000000000427,0.0,-7.679410221295146e-05,2022-02-08 16:00:00,2022-02-14 16:00:00,6 days 00:00:00,,,155.302
93,14336,14337,157.00065699299998,156.872,,,-11.965100348996685,0.0,-0.000819467863791834,2022-02-18 08:00:00,2022-02-18 12:00:00,0 days 04:00:00,,156.214,
-94,14358,14359,155.494344498,155.798,,,-28.543617187999814,0.0,-0.0019528395259669207,2022-02-24 00:00:00,2022-02-24 04:00:00,0 days 04:00:00,,,
-95,14363,14391,154.179,154.93,,,-71.34500000000045,0.0,-0.004870961674417362,2022-02-24 20:00:00,2022-03-03 12:00:00,6 days 16:00:00,,,
