Size,EntryBar,ExitBar,EntryPrice,ExitPrice,PnL,ReturnPct,EntryTime,ExitTime,Tag,Duration
75,25,41,131.985,132.583,44.84999999999886,0.004530817895972872,2012-11-30 16:00:00,2012-12-05 08:00:00,,4 days 16:00:00
75,44,57,132.644132644,132.36,-21.309948299998638,-0.0021420671863606744,2012-12-05 20:00:00,2012-12-10 00:00:00,,4 days 04:00:00
75,70,118,133.007,136.389,253.65000000000038,0.025427233153142437,2012-12-12 04:00:00,2012-12-24 04:00:00,,12 days 00:00:00
74,124,173,137.952,140.048,155.10400000000027,0.015193690559035078,2012-12-26 16:00:00,2013-01-08 20:00:00,,13 days 04:00:00
72,186,204,143.72,142.628,-78.62400000000093,-0.007598107431116108,2013-01-11 00:00:00,2013-01-16 00:00:00,,5 days 00:00:00
-73,230,246,139.974860025,142.755,-202.9502181749998,-0.019861709270532213,2013-01-22 08:00:00,2013-01-25 00:00:00,,2 days 16:00:00
70,249,250,144.21714421700003,143.86,-25.000095190000877,-0.0024764338452204493,2013-01-25 12:00:00,2013-01-25 16:00:00,,0 days 04:00:00
70,251,262,143.986,142.813,-82.11000000000013,-0.00814662536635502,2013-01-25 20:00:00,2013-01-29 16:00:00,,3 days 20:00:00
69,272,313,144.168144168,146.126,135.09205240800048,0.01358036370169624,2013-01-31 08:00:00,2013-02-11 04:00:00,,10 days 20:00:00
69,317,318,146.945146945,147.455,35.179860795000536,0.0034696828415221592,2013-02-11 20:00:00,2013-02-12 00:00:00,,0 days 04:00:00
-70,330,346,144.825,145.424,-41.93000000000126,-0.004136026238563906,2013-02-14 00:00:00,2013-02-18 16:00:00,,4 days 16:00:00
-71,359,398,142.74985725,140.349,170.4608647500001,0.016818631529664785,2013-02-20 20:00:00,2013-03-01 08:00:00,,8 days 12:00:00
73,412,466,141.181,143.743,187.0259999999988,0.01814691778638755,2013-03-05 16:00:00,2013-03-18 16:00:00,,13 days 00:00:00
72,477,478,144.629144629,144.907,20.005586712001104,0.0019211575351065768,2013-03-20 12:00:00,2013-03-20 16:00:00,,0 days 04:00:00
-73,488,489,143.158856841,143.723,-41.18245060700184,-0.003940679406420511,2013-03-22 08:00:00,2013-03-22 12:00:00,,0 days 04:00:00
-73,496,497,142.352857647,142.756,-29.429391768999466,-0.0028319933976996836,2013-03-25 16:00:00,2013-03-25 20:00:00,,0 days 04:00:00
-73,507,524,142.506857493,142.572,-4.755403010999288,-0.0004571184022017505,2013-03-27 12:00:00,2013-04-01 08:00:00,,4 days 20:00:00
-73,524,525,141.886858113,142.168,-20.523357751001328,-0.0019814512121771877,2013-04-01 08:00:00,2013-04-01 12:00:00,,0 days 04:00:00
-73,527,546,141.80685819299998,146.747,-360.6303519110023,-0.03483711486137331,2013-04-01 20:00:00,2013-04-05 00:00:00,,3 days 04:00:00
68,547,548,147.87214787200003,146.741,-76.91805529600094,-0.007649499167207252,2013-04-05 04:00:00,2013-04-05 08:00:00,,0 days 04:00:00
65,557,585,151.783151783,150.027,-114.14986589500046,-0.011570136489923,2013-04-08 20:00:00,2013-04-15 12:00:00,,6 days 16:00:00
65,626,644,152.21515221500002,151.455,-49.40989397500033,-0.0049939326271953854,2013-04-24 08:00:00,2013-04-29 08:00:00,,5 days 00:00:00
-65,650,651,151.333848666,151.137,12.795163289999607,0.0013007576806854937,2013-04-30 08:00:00,2013-04-30 12:00:00,,0 days 04:00:00
-65,651,652,151.03984896,151.238,-12.879817599999939,-0.0013119123288614087,2013-04-30 12:00:00,2013-04-30 16:00:00,,0 days 04:00:00
-65,654,667,151.27,152.249,-63.634999999999025,-0.006471871488067604,2013-05-01 00:00:00,2013-05-03 04:00:00,,2 days 04:00:00
63,670,688,154.318,153.431,-55.88100000000003,-0.005747871278787953,2013-05-03 16:00:00,2013-05-08 16:00:00,,5 days 00:00:00
63,694,715,154.11215411199998,155.621,95.05729094400155,0.009790570358931383,2013-05-09 16:00:00,2013-05-15 04:00:00,,5 days 12:00:00
62,716,739,156.06115606100002,156.38,19.768324217998497,0.0020430704670375555,2013-05-15 08:00:00,2013-05-21 04:00:00,,5 days 20:00:00
-63,749,774,155.126844873,153.771,85.41822699900149,0.00874023367206389,2013-05-22 20:00:00,2013-05-29 00:00:00,,6 days 04:00:00
-65,780,788,152.352847647,153.5,-74.56490294499972,-0.007529576051364284,2013-05-30 00:00:00,2013-05-31 08:00:00,,1 days 08:00:00
-64,795,805,152.484847515,153.264,-49.86575903999983,-0.005109704326020648,2013-06-03 12:00:00,2013-06-05 04:00:00,,1 days 16:00:00
-64,814,817,152.228847771,151.739,31.350257344000056,0.003217837999647033,2013-06-06 16:00:00,2013-06-07 04:00:00,,0 days 12:00:00
-65,818,827,150.268,153.645,-219.50500000000062,-0.02247318124950093,2013-06-07 08:00:00,2013-06-10 20:00:00,,3 days 12:00:00
-1,842,868,148.107851892,148.841,-0.7331481079999946,-0.004950096153812256,2013-06-13 08:00:00,2013-06-19 16:00:00,,6 days 08:00:00
-64,838,868,149.343850656,148.841,32.182441983999524,0.003367066362566673,2013-06-12 16:00:00,2013-06-19 16:00:00,,7 days 00:00:00
63,912,913,151.38415138399998,151.088,-18.657537191998983,-0.0019562905448984313,2013-07-01 00:00:00,2013-07-01 04:00:00,,0 days 04:00:00
63,913,937,151.45515145500002,151.07,-24.26454166500173,-0.002543006634637024,2013-07-01 04:00:00,2013-07-05 04:00:00,,4 days 00:00:00
-63,944,954,150.28784971200002,150.261,1.6915318560018306,0.0001786552409358544,2013-07-08 08:00:00,2013-07-10 00:00:00,,1 days 16:00:00
-64,955,970,149.48385051600002,149.543,-3.785566975999245,-0.0003956914663076905,2013-07-10 04:00:00,2013-07-12 16:00:00,,2 days 12:00:00
63,986,987,151.26015126,151.407,9.251470620001527,0.0009708356019531017,2013-07-17 08:00:00,2013-07-17 12:00:00,,0 days 04:00:00
63,992,1027,152.053152053,152.598,34.3254206610014,0.0035832729518827655,2013-07-18 08:00:00,2013-07-26 04:00:00,,7 days 20:00:00
-1,1042,1058,149.41885058100002,150.598,-1.179149418999998,-0.007891570671404446,2013-07-30 16:00:00,2013-08-02 08:00:00,,2 days 16:00:00
-64,1033,1058,150.558,150.598,-2.5600000000013097,-0.0002656783432299914,2013-07-29 04:00:00,2013-08-02 08:00:00,,4 days 04:00:00
-64,1092,1093,148.927851072,149.377,-28.745531391999975,-0.003015882689281879,2013-08-12 00:00:00,2013-08-12 04:00:00,,0 days 04:00:00
63,1100,1101,151.49015149000002,151.414,-4.797543870001846,-0.000502682776741814,2013-08-13 08:00:00,2013-08-13 12:00:00,,0 days 04:00:00
63,1106,1136,152.084152084,152.781,43.90141870799974,0.004581989026806177,2013-08-14 08:00:00,2013-08-21 08:00:00,,7 days 00:00:00
62,1139,1161,153.568153568,151.625,-120.47552121600086,-0.012653362841532068,2013-08-21 20:00:00,2013-08-27 12:00:00,,5 days 16:00:00
-63,1167,1177,150.4998495,152.36,-117.1894815000002,-0.012359816346527275,2013-08-28 12:00:00,2013-08-30 04:00:00,,1 days 16:00:00
60,1190,1214,154.923154923,155.927,60.23070461999964,0.006479632289304593,2013-09-03 08:00:00,2013-09-09 08:00:00,,6 days 00:00:00
60,1216,1238,156.53715653700002,157.695,69.47060777999866,0.007396604669552165,2013-09-09 16:00:00,2013-09-13 08:00:00,,3 days 16:00:00
60,1250,1280,157.96715796700002,158.561,35.63052197999923,0.0037592752863480072,2013-09-17 08:00:00,2013-09-24 08:00:00,,7 days 00:00:00
-60,1302,1303,157.848,157.989,-8.459999999999468,-0.0008932644062642492,2013-09-30 00:00:00,2013-09-30 04:00:00,,0 days 04:00:00
60,1306,1307,159.08715908699997,159.131,2.6304547800015143,0.0002755779489156396,2013-09-30 16:00:00,2013-09-30 20:00:00,,0 days 04:00:00
-60,1324,1326,157.34284265699998,157.1,14.570559419998972,0.0015433981800453411,2013-10-03 16:00:00,2013-10-04 00:00:00,,0 days 08:00:00
-61,1328,1358,156.703843296,157.363,-40.20855894399983,-0.0042063850518005985,2013-10-04 08:00:00,2013-10-11 08:00:00,,7 days 00:00:00
60,1367,1410,157.517157517,157.321,-11.769451019999337,-0.0012453088926444034,2013-10-14 20:00:00,2013-10-24 00:00:00,,9 days 04:00:00
-60,1428,1429,156.86184313799998,156.979,-7.029411720001804,-0.0007468792898026599,2013-10-29 00:00:00,2013-10-29 04:00:00,,0 days 04:00:00
-60,1442,1443,157.33984266000002,157.312,1.6705596000002743,0.00017695873803669215,2013-10-31 08:00:00,2013-10-31 12:00:00,,0 days 04:00:00
-60,1458,1465,157.095842904,158.255,-69.54942576000008,-0.0073786618065276866,2013-11-05 00:00:00,2013-11-06 04:00:00,,1 days 04:00:00
59,1473,1479,158.987158987,157.819,-68.9213802329999,-0.00734750526044381,2013-11-07 12:00:00,2013-11-08 12:00:00,,1 days 00:00:00
59,1488,1498,158.822158822,158.998,10.374629501999095,0.0011071577121493092,2013-11-12 00:00:00,2013-11-13 16:00:00,,1 days 16:00:00
58,1501,1592,159.705,167.294,440.1619999999999,0.047518862903478176,2013-11-14 04:00:00,2013-12-05 08:00:00,,21 days 04:00:00
58,1606,1621,168.888,167.877,-58.63799999999975,-0.005986215716924814,2013-12-09 16:00:00,2013-12-12 04:00:00,,2 days 12:00:00
-58,1633,1634,167.535832464,167.676,-8.129717087998756,-0.0008366421316472472,2013-12-16 04:00:00,2013-12-16 08:00:00,,0 days 04:00:00
-58,1641,1651,167.342832657,170.175,-164.26570589400052,-0.016924342070897325,2013-12-17 12:00:00,2013-12-19 04:00:00,,1 days 16:00:00
56,1656,1703,170.747170747,171.371,34.934438167999815,0.0036535261478758407,2013-12-20 00:00:00,2014-01-03 08:00:00,,14 days 08:00:00
-56,1707,1724,171.041828958,172.635,-89.21757835199969,-0.009314511261401481,2014-01-06 00:00:00,2014-01-08 20:00:00,,2 days 20:00:00
55,1728,1739,172.835172835,170.652,-120.0745059250012,-0.012631530950498293,2014-01-09 12:00:00,2014-01-13 08:00:00,,3 days 20:00:00
54,1763,1764,171.784171784,171.489,-15.939276335999466,-0.0017182711360109737,2014-01-17 08:00:00,2014-01-17 12:00:00,,0 days 04:00:00
-55,1767,1768,170.43182956799998,170.673,-13.264373760001007,-0.0014150551138911727,2014-01-20 00:00:00,2014-01-20 04:00:00,,0 days 04:00:00
54,1773,1774,171.868171868,171.92,2.7987191279998456,0.00030155747534110766,2014-01-21 00:00:00,2014-01-21 04:00:00,,0 days 04:00:00
54,1781,1794,172.368172368,170.373,-107.73930787199993,-0.011575062499011524,2014-01-22 08:00:00,2014-01-24 12:00:00,,2 days 04:00:00
-54,1794,1795,170.173829826,168.785,74.9968106040003,0.008161242110024003,2014-01-24 12:00:00,2014-01-24 16:00:00,,0 days 04:00:00
-55,1797,1798,168.171,168.914,-40.864999999999725,-0.004418122030552141,2014-01-27 00:00:00,2014-01-27 04:00:00,,0 days 04:00:00
-55,1816,1817,169.197,169.586,-21.39500000000055,-0.0022990951376207214,2014-01-30 04:00:00,2014-01-30 08:00:00,,0 days 04:00:00
-2,1831,1854,165.868834131,166.826,-1.9143317379999871,-0.005770619140206046,2014-02-03 16:00:00,2014-02-07 12:00:00,,3 days 20:00:00
-55,1818,1854,168.428,166.826,88.11000000000021,0.009511482651340608,2014-01-30 12:00:00,2014-02-07 12:00:00,,8 days 00:00:00
55,1865,1906,168.435168435,169.952,83.42573607499943,0.00900543264861775,2014-02-11 08:00:00,2014-02-20 04:00:00,,8 days 20:00:00
55,1914,1915,171.156171156,171.426,14.840586419999369,0.0015765066615918144,2014-02-21 12:00:00,2014-02-21 16:00:00,,0 days 04:00:00
55,1945,1946,171.082171082,170.889,-10.624409509999566,-0.0011291128746980794,2014-02-28 16:00:00,2014-02-28 20:00:00,,0 days 04:00:00
-56,1949,1950,169.378830621,169.428,-2.7534852240003147,-0.00029029235129174324,2014-03-03 08:00:00,2014-03-03 12:00:00,,0 days 04:00:00
-56,1951,1952,169.053830946,168.993,3.4065329760005625,0.0003598318101376563,2014-03-03 16:00:00,2014-03-03 20:00:00,,0 days 04:00:00
-56,1953,1961,169.015,170.372,-75.99200000000155,-0.008028873176937124,2014-03-04 00:00:00,2014-03-05 08:00:00,,1 days 08:00:00
54,1965,1986,171.386171386,171.558,9.278745155999559,0.0010025815537533234,2014-03-06 00:00:00,2014-03-11 12:00:00,,5 days 12:00:00
-55,1999,2028,170.158829841,169.328,45.6956412549998,0.0048826725111846825,2014-03-13 16:00:00,2014-03-20 12:00:00,,6 days 20:00:00
-56,2041,2043,168.38383161599998,168.62,-13.22542950400134,-0.001402559745395271,2014-03-24 16:00:00,2014-03-25 00:00:00,,0 days 08:00:00
55,2057,2098,169.677169677,171.137,80.29066776500031,0.008603575400149444,2014-03-27 08:00:00,2014-04-07 04:00:00,,10 days 20:00:00
-55,2107,2120,170.668829331,170.363,16.820613205000683,0.0017919460290366507,2014-04-08 16:00:00,2014-04-10 20:00:00,,2 days 04:00:00
-56,2121,2143,170.254,171.737,-83.04800000000023,-0.008710514877770859,2014-04-11 00:00:00,2014-04-16 16:00:00,,5 days 16:00:00
55,2149,2176,172.097172097,171.976,-6.664465334999932,-0.0007040911568941821,2014-04-17 16:00:00,2014-04-24 04:00:00,,6 days 12:00:00
-55,2184,2185,171.474828525,171.583,-5.949431125000331,-0.0006308300520285748,2014-04-25 12:00:00,2014-04-25 16:00:00,,0 days 04:00:00
-55,2187,2188,171.353828646,171.471,-6.444424469999603,-0.0006837977004998663,2014-04-28 00:00:00,2014-04-28 04:00:00,,0 days 04:00:00
54,2196,2221,172.579,172.145,-23.435999999999865,-0.002514790327907801,2014-04-29 12:00:00,2014-05-05 16:00:00,,6 days 04:00:00
-55,2244,2245,171.256828743,171.457,-11.00941913499966,-0.0011688366441748865,2014-05-09 12:00:00,2014-05-09 16:00:00,,0 days 04:00:00
-54,2246,2255,171.467,172.552,-58.589999999998895,-0.0063277481964458815,2014-05-09 20:00:00,2014-05-13 08:00:00,,3 days 12:00:00
-54,2269,2297,170.44682955300001,171.689,-67.07720413799882,-0.007287729846648272,2014-05-15 16:00:00,2014-05-22 08:00:00,,6 days 16:00:00
54,2304,2322,171.764171764,170.899,-46.719275255999776,-0.00503697456294161,2014-05-23 12:00:00,2014-05-28 12:00:00,,5 days 00:00:00
-54,2327,2341,169.878830121,171.107,-66.32117346600035,-0.007229681756845352,2014-05-29 08:00:00,2014-06-02 16:00:00,,4 days 08:00:00
53,2346,2379,171.616171616,171.473,-7.588095647999438,-0.0008342548062448829,2014-06-03 12:00:00,2014-06-11 00:00:00,,7 days 12:00:00
-53,2383,2395,171.18,172.952,-93.91599999999954,-0.010351676597733395,2014-06-11 16:00:00,2014-06-13 16:00:00,,2 days 00:00:00
52,2407,2434,173.34917334899998,173.369,1.0309858520008675,0.00011437407295900037,2014-06-17 16:00:00,2014-06-24 04:00:00,,6 days 12:00:00
-52,2447,2465,172.72282727700002,173.537,-42.33698159599919,-0.004713752871207122,2014-06-26 08:00:00,2014-07-01 08:00:00,,5 days 00:00:00
51,2470,2495,174.28017428,174.386,5.397111719999202,0.0006072160556251927,2014-07-02 04:00:00,2014-07-08 08:00:00,,6 days 04:00:00
-52,2507,2530,173.71482628500002,174.294,-30.117033179999794,-0.0033340488396182977,2014-07-10 08:00:00,2014-07-16 04:00:00,,5 days 20:00:00
-52,2544,2584,172.740827259,173.037,-15.400982531999603,-0.0017145497431010348,2014-07-18 12:00:00,2014-07-29 04:00:00,,10 days 16:00:00
-52,2621,2622,172.37782762199998,172.435,-2.9729636560009567,-0.00033166897848024846,2014-08-06 08:00:00,2014-08-06 12:00:00,,0 days 04:00:00
-52,2631,2651,171.557828442,171.905,-18.05292101600071,-0.0020236415974301813,2014-08-08 00:00:00,2014-08-13 08:00:00,,5 days 08:00:00
-52,2657,2673,170.84682915300002,171.554,-36.772884043999284,-0.0041392096681331925,2014-08-14 08:00:00,2014-08-19 00:00:00,,4 days 16:00:00
52,2681,2682,171.667171667,171.916,12.939073316000304,0.0014494811709409028,2014-08-20 08:00:00,2014-08-20 12:00:00,,0 days 04:00:00
51,2687,2714,172.23017223,172.299,3.5102162700006545,0.00039962666882842335,2014-08-21 08:00:00,2014-08-27 20:00:00,,6 days 12:00:00
51,2723,2724,172.523172523,172.438,-4.3437986730005775,-0.0004936874377768907,2014-08-29 08:00:00,2014-08-29 12:00:00,,0 days 04:00:00
51,2733,2747,173.404173404,172.549,-43.613843603999925,-0.004931677174848659,2014-09-02 00:00:00,2014-09-04 08:00:00,,2 days 08:00:00
-1,2757,2774,170.191,172.764,-2.5730000000000075,-0.01511830825366789,2014-09-08 00:00:00,2014-09-10 20:00:00,,2 days 20:00:00
-51,2751,2774,171.826,172.764,-47.83800000000085,-0.0054590108598233655,2014-09-05 00:00:00,2014-09-10 20:00:00,,5 days 20:00:00
50,2777,2778,173.996173996,173.782,-10.708699799999977,-0.0012309121004288048,2014-09-11 08:00:00,2014-09-11 12:00:00,,0 days 04:00:00
50,2780,2800,174.179174179,174.383,10.191291050000473,0.0011702077585380444,2014-09-11 20:00:00,2014-09-17 04:00:00,,5 days 08:00:00
50,2801,2843,174.665174665,177.724,152.94126674999973,0.017512508379914138,2014-09-17 08:00:00,2014-09-26 08:00:00,,9 days 00:00:00
-4,2923,2935,168.090831909,171.313,-12.888672363999945,-0.01916920782892184,2014-10-15 16:00:00,2014-10-17 16:00:00,,2 days 00:00:00
-51,2879,2935,174.982825017,171.313,187.16107586700113,0.020972486966326476,2014-10-06 08:00:00,2014-10-17 16:00:00,,11 days 08:00:00
53,2957,2959,172.547172547,172.895,18.434855009000415,0.002015839772194772,2014-10-23 08:00:00,2014-10-23 16:00:00,,0 days 08:00:00
53,2960,3029,173.52,181.512,423.57599999999945,0.04605809128630689,2014-10-23 20:00:00,2014-11-10 08:00:00,,17 days 12:00:00
52,3038,3047,183.903,182.626,-66.40399999999931,-0.0069438780226531716,2014-11-11 20:00:00,2014-11-13 08:00:00,,1 days 12:00:00
-52,3057,3067,181.540818459,182.432,-46.34144013199898,-0.004908987127879794,2014-11-17 00:00:00,2014-11-18 16:00:00,,1 days 16:00:00
51,3070,3159,183.262183262,187.421,212.0996536379992,0.022693261992051905,2014-11-19 04:00:00,2014-12-10 00:00:00,,20 days 20:00:00
-52,3163,3200,186.153813846,186.394,-12.489680008000732,-0.0012902564231034308,2014-12-10 16:00:00,2014-12-18 20:00:00,,8 days 04:00:00
52,3205,3239,186.724186724,185.842,-45.87370964799891,-0.004724544471059633,2014-12-19 16:00:00,2014-12-30 20:00:00,,11 days 04:00:00
-52,3247,3317,184.94881505100003,178.383,341.4223826520008,0.03550071434190849,2015-01-02 16:00:00,2015-01-20 08:00:00,,17 days 16:00:00
-56,3338,3347,176.948,178.613,-93.23999999999955,-0.00940954404683847,2015-01-23 20:00:00,2015-01-27 08:00:00,,3 days 12:00:00
55,3350,3361,179.188179188,178.424,-42.029855339999216,-0.0042646741066453275,2015-01-27 20:00:00,2015-01-29 16:00:00,,1 days 20:00:00
-56,3376,3383,176.096823903,178.581,-139.11386143199934,-0.01410687621696316,2015-02-03 04:00:00,2015-02-04 08:00:00,,1 days 04:00:00
54,3384,3385,178.917178917,178.989,3.8783384820001743,0.00040142083300631626,2015-02-04 12:00:00,2015-02-04 16:00:00,,0 days 04:00:00
54,3390,3437,179.35617935599998,182.244,155.94231477600084,0.01610103791443973,2015-02-05 12:00:00,2015-02-17 08:00:00,,11 days 20:00:00
53,3443,3459,183.368183368,183.337,-1.6527185040000347,-0.00017005877152320714,2015-02-18 08:00:00,2015-02-23 00:00:00,,4 days 16:00:00
53,3469,3488,184.447,184.855,21.623999999999313,0.0022120175443351986,2015-02-24 16:00:00,2015-02-27 20:00:00,,3 days 04:00:00
-54,3509,3528,182.525817474,183.498,-52.497856403999094,-0.005326274055112545,2015-03-05 08:00:00,2015-03-10 12:00:00,,5 days 04:00:00
-54,3535,3537,182.012,181.343,36.1260000000006,0.0036755818297695697,2015-03-11 16:00:00,2015-03-12 00:00:00,,0 days 08:00:00
-54,3541,3581,180.778819221,179.08,91.7362379339989,0.009397224897919054,2015-03-12 16:00:00,2015-03-23 08:00:00,,10 days 16:00:00
-56,3587,3589,178.131821868,178.041,5.0860246080003435,0.0005098576270516908,2015-03-24 08:00:00,2015-03-24 16:00:00,,0 days 08:00:00
-56,3590,3618,177.858,177.322,30.016000000000076,0.003013640094907233,2015-03-24 20:00:00,2015-03-31 12:00:00,,6 days 16:00:00
56,3649,3664,178.907,177.303,-89.82400000000075,-0.008965551934804195,2015-04-07 16:00:00,2015-04-10 04:00:00,,2 days 12:00:00
-56,3665,3666,176.660823339,176.048,34.318106983999314,0.0034689260890855556,2015-04-10 08:00:00,2015-04-10 12:00:00,,0 days 04:00:00
-56,3667,3690,175.828,176.809,-54.935999999999694,-0.005579316149873614,2015-04-10 16:00:00,2015-04-16 12:00:00,,5 days 20:00:00
55,3695,3762,178.016178016,181.965,217.1852091200003,0.022182377062634595,2015-04-17 08:00:00,2015-05-04 12:00:00,,17 days 04:00:00
-55,3773,3779,181.71881828099998,182.04,-17.664994545000496,-0.0017674653733623646,2015-05-06 08:00:00,2015-05-07 08:00:00,,1 days 00:00:00
-55,3779,3780,181.397818602,181.288,6.040023109999453,0.0006054019990225923,2015-05-07 08:00:00,2015-05-07 12:00:00,,0 days 04:00:00
54,3783,3784,184.71118471100002,184.511,-10.809974394001074,-0.001083771463613492,2015-05-08 00:00:00,2015-05-08 04:00:00,,0 days 04:00:00
54,3784,3785,185.000185,185.935,50.48001000000079,0.005053049001005228,2015-05-08 04:00:00,2015-05-08 08:00:00,,0 days 04:00:00
54,3793,3827,186.01518601499998,187.743,93.30195519000063,0.009288564132934107,2015-05-11 16:00:00,2015-05-19 08:00:00,,7 days 16:00:00
54,3835,3836,188.26318826300002,188.49,12.247833797999533,0.0012047588224370909,2015-05-20 16:00:00,2015-05-20 20:00:00,,0 days 04:00:00
54,3839,3852,188.594188594,188.284,-16.75018407600055,-0.0016447409981851235,2015-05-21 08:00:00,2015-05-25 12:00:00,,4 days 04:00:00
54,3863,3880,189.64618964599998,189.709,3.3917591160011398,0.0003311975532820366,2015-05-27 08:00:00,2015-06-01 04:00:00,,4 days 20:00:00
53,3886,3887,189.971189971,189.517,-24.072068463000278,-0.0023908360581903487,2015-06-02 04:00:00,2015-06-02 08:00:00,,0 days 04:00:00
53,3888,3890,189.987189987,190.477,25.959930689000544,0.002578121256667565,2015-06-02 12:00:00,2015-06-02 20:00:00,,0 days 08:00:00
53,3893,3921,190.52319052299998,191.277,39.95190228100023,0.0039565234811087535,2015-06-03 08:00:00,2015-06-10 00:00:00,,6 days 16:00:00
-54,3924,3925,189.328,190.209,-47.57400000000001,-0.0046533000929602775,2015-06-10 12:00:00,2015-06-10 16:00:00,,0 days 04:00:00
53,3936,3984,191.94019194,195.61,194.49982718000044,0.019119539388327667,2015-06-12 12:00:00,2015-06-24 12:00:00,,12 days 00:00:00
-54,3999,4002,192.687,193.073,-20.843999999999767,-0.002003248792082468,2015-06-29 00:00:00,2015-06-29 12:00:00,,0 days 12:00:00
-2,4045,4060,185.93981406,189.963,-8.046371879999981,-0.021637033253683713,2015-07-08 16:00:00,2015-07-13 04:00:00,,4 days 12:00:00
-1,4043,4060,187.77981222,189.963,-2.1831877799999972,-0.011626317835711886,2015-07-08 08:00:00,2015-07-13 04:00:00,,4 days 20:00:00
-1,4038,4060,188.957811042,189.963,-1.0051889579999909,-0.005319647557605167,2015-07-07 12:00:00,2015-07-13 04:00:00,,5 days 16:00:00
-54,4022,4060,191.958808041,189.963,107.7736342140002,0.010397064148125579,2015-07-02 20:00:00,2015-07-13 04:00:00,,10 days 08:00:00
54,4064,4103,191.334,192.638,70.41600000000011,0.006815307263737802,2015-07-13 20:00:00,2015-07-22 08:00:00,,8 days 12:00:00
-55,4111,4112,192.291807708,192.024,14.729423939999577,0.00139271511975525,2015-07-23 16:00:00,2015-07-23 20:00:00,,0 days 04:00:00
-55,4117,4132,191.905,192.806,-49.555000000000575,-0.004695031395742788,2015-07-24 16:00:00,2015-07-29 04:00:00,,4 days 12:00:00
54,4135,4158,193.972193972,193.169,-43.37247448800014,-0.004140768609937728,2015-07-29 16:00:00,2015-08-04 12:00:00,,5 days 20:00:00
53,4169,4176,195.209195209,193.68,-81.04734607699967,-0.00783362283402056,2015-08-06 08:00:00,2015-08-07 12:00:00,,1 days 04:00:00
53,4191,4199,194.90319490299999,194.355,-29.05432985899975,-0.0028126522157464473,2015-08-12 00:00:00,2015-08-13 08:00:00,,1 days 08:00:00
53,4207,4210,194.396194396,194.635,12.656697011999597,0.0012284479371726942,2015-08-14 16:00:00,2015-08-17 04:00:00,,2 days 12:00:00
53,4210,4212,194.72019472,194.756,1.8976798400002792,0.0001838806706797591,2015-08-17 04:00:00,2015-08-17 12:00:00,,0 days 08:00:00
53,4218,4219,195.15319515299998,195.098,-2.925343108998476,-0.0002828298709467436,2015-08-18 12:00:00,2015-08-18 16:00:00,,0 days 04:00:00
-53,4229,4230,193.521806478,193.518,0.20174333400007072,1.9669504275898753e-05,2015-08-20 08:00:00,2015-08-20 12:00:00,,0 days 04:00:00
-1,4237,4273,191.966808033,186.994,4.972808033000007,0.025904520077997817,2015-08-21 16:00:00,2015-08-31 16:00:00,,10 days 00:00:00
-53,4235,4273,192.938,186.994,315.03199999999936,0.030807824275155715,2015-08-21 08:00:00,2015-08-31 16:00:00,,10 days 08:00:00
-57,4275,4276,185.927,186.006,-4.503000000000441,-0.0004248979438166156,2015-09-01 00:00:00,2015-09-01 04:00:00,,0 days 04:00:00
-57,4277,4311,185.875,184.327,88.2360000000001,0.008328177538668435,2015-09-01 08:00:00,2015-09-09 00:00:00,,7 days 16:00:00
58,4315,4337,185.906,185.059,-49.12600000000049,-0.004556065968822964,2015-09-09 16:00:00,2015-09-15 08:00:00,,5 days 16:00:00
57,4362,4364,187.131187131,186.497,-36.148666466998634,-0.003388997530144544,2015-09-21 12:00:00,2015-09-21 20:00:00,,0 days 08:00:00
-58,4369,4370,184.204815795,184.407,-11.726683890000515,-0.0010976054243065914,2015-09-22 16:00:00,2015-09-22 20:00:00,,0 days 04:00:00
-58,4374,4420,184.088815911,182.382,98.99532283800039,0.009271698025507313,2015-09-23 12:00:00,2015-10-05 04:00:00,,11 days 16:00:00
59,4429,4460,182.723182723,182.576,-8.683780657000852,-0.000805495618052654,2015-10-06 16:00:00,2015-10-13 20:00:00,,7 days 04:00:00
58,4474,4475,184.351184351,184.285,-3.8386923580002303,-0.0003590123450142313,2015-10-16 04:00:00,2015-10-16 08:00:00,,0 days 04:00:00
58,4479,4520,184.351184351,184.21,-8.188692357999571,-0.0007658445563939464,2015-10-19 00:00:00,2015-10-27 20:00:00,,8 days 20:00:00
-58,4524,4535,183.917816082,185.508,-92.23066724400047,-0.00864616572703869,2015-10-28 12:00:00,2015-10-30 08:00:00,,1 days 20:00:00
57,4538,4565,186.424,185.2,-69.76800000000102,-0.006565678238853456,2015-10-30 20:00:00,2015-11-06 08:00:00,,6 days 12:00:00
57,4583,4603,186.596186596,186.832,13.441364027999896,0.0012637632542329413,2015-11-11 08:00:00,2015-11-16 16:00:00,,5 days 08:00:00
56,4606,4607,187.36,187.202,-8.848000000000866,-0.0008432963279249028,2015-11-17 04:00:00,2015-11-17 08:00:00,,0 days 04:00:00
56,4608,4630,187.464,186.725,-41.38400000000024,-0.003942090214654526,2015-11-17 12:00:00,2015-11-23 04:00:00,,5 days 16:00:00
-1,4655,4668,184.29281570700002,185.673,-1.380184292999985,-0.0074890835418905954,2015-11-27 08:00:00,2015-12-01 12:00:00,,4 days 04:00:00
-57,4634,4668,185.894,185.673,12.597000000000207,0.0011888495594263304,2015-11-23 20:00:00,2015-12-01 12:00:00,,7 days 16:00:00
57,4681,4682,185.62918562899998,185.359,-15.40058085299819,-0.0014555126559675502,2015-12-03 16:00:00,2015-12-03 20:00:00,,0 days 04:00:00
56,4686,4687,186.008186008,185.717,-16.306416447999027,-0.0015654472754627058,2015-12-04 12:00:00,2015-12-04 16:00:00,,0 days 04:00:00
56,4691,4700,186.257186257,184.51,-97.84243039200055,-0.009380503872689294,2015-12-07 08:00:00,2015-12-08 20:00:00,,1 days 12:00:00
-57,4706,4719,183.74981625,184.45,-39.91047374999883,-0.003810527620051296,2015-12-09 20:00:00,2015-12-14 00:00:00,,4 days 04:00:00
-1,4745,4884,181.82281817700002,169.112,12.710818177000021,0.06990771732856083,2015-12-18 08:00:00,2016-01-22 16:00:00,,35 days 08:00:00
-1,4722,4884,183.332816667,169.112,14.220816667000008,0.0775683095123676,2015-12-14 12:00:00,2016-01-22 16:00:00,,39 days 04:00:00
-56,4722,4884,183.356816643,169.112,797.7097320080004,0.07768904862007397,2015-12-14 12:00:00,2016-01-22 16:00:00,,39 days 04:00:00
66,4896,4898,169.99716999700001,169.906,-6.017219802000568,-0.0005363030278775494,2016-01-26 16:00:00,2016-01-27 00:00:00,,0 days 08:00:00
66,4906,4933,170.013170013,171.648,107.89877914199928,0.009615902032030776,2016-01-28 08:00:00,2016-02-03 20:00:00,,6 days 12:00:00
-67,4944,4981,169.433,165.565,259.15599999999966,0.022829082882319218,2016-02-05 16:00:00,2016-02-15 20:00:00,,10 days 04:00:00
-71,4990,5035,162.423837576,158.058,309.97446789600133,0.02687929087968499,2016-02-17 08:00:00,2016-02-26 20:00:00,,9 days 12:00:00
-76,5042,5049,156.18684381300002,159.18,-227.47987021199867,-0.019163945655907177,2016-03-01 00:00:00,2016-03-02 04:00:00,,1 days 04:00:00
73,5053,5080,159.984,159.626,-26.1340000000003,-0.002237723772377298,2016-03-02 20:00:00,2016-03-09 08:00:00,,6 days 12:00:00
72,5092,5108,162.217162217,160.164,-147.82767962400158,-0.012656874210716818,2016-03-11 08:00:00,2016-03-16 00:00:00,,4 days 16:00:00
-72,5115,5123,159.463840536,160.729,-91.09148140800153,-0.00793383289746119,2016-03-17 04:00:00,2016-03-18 12:00:00,,1 days 08:00:00
-71,5134,5136,160.121839878,158.741,98.03963133799923,0.008623682309996439,2016-03-22 08:00:00,2016-03-22 16:00:00,,0 days 08:00:00
71,5162,5185,161.769161769,158.902,-203.56848559900044,-0.017723784543646204,2016-03-29 00:00:00,2016-04-01 20:00:00,,3 days 20:00:00
-71,5187,5188,158.43084156900002,158.608,-12.578248600998648,-0.0011182067155959263,2016-04-04 04:00:00,2016-04-04 08:00:00,,0 days 04:00:00
-2,5196,5228,155.767844232,154.904,1.727688463999982,0.005545716038243276,2016-04-05 16:00:00,2016-04-13 00:00:00,,7 days 08:00:00
-71,5193,5228,158.15184184799998,154.904,230.5967712079985,0.020536225250676998,2016-04-05 04:00:00,2016-04-13 00:00:00,,7 days 20:00:00
74,5252,5253,155.745155745,155.918,12.790474870000082,0.0011097889637285974,2016-04-19 00:00:00,2016-04-19 04:00:00,,0 days 04:00:00
73,5257,5300,156.969,157.853,64.53200000000106,0.005631685237212469,2016-04-19 20:00:00,2016-04-29 00:00:00,,9 days 04:00:00
-2,5333,5343,153.877846122,156.299,-4.842307756000025,-0.015734258952912805,2016-05-06 12:00:00,2016-05-10 04:00:00,,3 days 16:00:00
-74,5303,5343,156.132,156.299,-12.358000000000118,-0.001069607767786307,2016-04-29 12:00:00,2016-05-10 04:00:00,,10 days 16:00:00
73,5347,5368,157.718,156.202,-110.66799999999935,-0.009612092468836764,2016-05-10 20:00:00,2016-05-16 08:00:00,,5 days 12:00:00
72,5381,5401,158.96315896299998,158.371,-42.635445335998156,-0.0037251333382082308,2016-05-18 12:00:00,2016-05-23 20:00:00,,5 days 08:00:00
71,5411,5427,161.458,161.786,23.28800000000021,0.002031488065007636,2016-05-25 12:00:00,2016-05-30 04:00:00,,4 days 16:00:00
70,5429,5441,162.187,158.862,-232.7500000000012,-0.02050102659276032,2016-05-30 12:00:00,2016-06-01 12:00:00,,2 days 00:00:00
-71,5441,5442,158.030841969,157.333,49.546779798999665,0.0044158593367292776,2016-06-01 12:00:00,2016-06-01 16:00:00,,0 days 04:00:00
-3,5454,5469,155.64984435,155.69,-0.12046695000000796,-0.00025798708741220366,2016-06-03 16:00:00,2016-06-08 04:00:00,,4 days 12:00:00
-71,5444,5469,157.893,155.69,156.4130000000002,0.01395248681068828,2016-06-02 00:00:00,2016-06-08 04:00:00,,6 days 04:00:00
-2,5505,5520,148.927851072,152.97,-8.084297855999978,-0.027141658856312922,2016-06-16 04:00:00,2016-06-20 16:00:00,,4 days 12:00:00
-3,5494,5520,149.212850787,152.97,-11.271447638999973,-0.02517979646648061,2016-06-14 08:00:00,2016-06-20 16:00:00,,6 days 08:00:00
-1,5485,5520,152.50184749800002,152.97,-0.46815250199998104,-0.00306981528211403,2016-06-10 20:00:00,2016-06-20 16:00:00,,9 days 20:00:00
-74,5484,5520,152.933847066,152.97,-2.6753171160000306,-0.00023639589726931476,2016-06-10 16:00:00,2016-06-20 16:00:00,,10 days 00:00:00
74,5524,5545,153.625153625,140.618,-962.5293682500001,-0.08466812444497562,2016-06-21 08:00:00,2016-06-24 20:00:00,,3 days 12:00:00
-2,5585,5613,133.228866771,133.817,-1.1762664579999864,-0.004414457941843031,2016-07-05 12:00:00,2016-07-12 04:00:00,,6 days 16:00:00
-77,5549,5613,134.322865677,133.817,38.95165712900021,0.0037660429179380284,2016-06-27 12:00:00,2016-07-12 04:00:00,,14 days 16:00:00
75,5626,5650,139.499139499,138.985,-38.560462424998576,-0.0036856105410145723,2016-07-14 08:00:00,2016-07-20 08:00:00,,6 days 00:00:00
73,5655,5663,142.016,139.976,-148.91999999999942,-0.014364578639026515,2016-07-21 04:00:00,2016-07-22 12:00:00,,1 days 08:00:00
-74,5672,5687,138.417861582,138.163,18.859757067999226,0.0018412477919188541,2016-07-26 00:00:00,2016-07-28 12:00:00,,2 days 12:00:00
-75,5690,5773,137.797862202,130.51,546.589665150001,0.052888064339609464,2016-07-29 00:00:00,2016-08-17 20:00:00,,19 days 20:00:00
82,5794,5862,132.243132243,135.568,272.63915607400173,0.025142082621655515,2016-08-23 08:00:00,2016-09-07 16:00:00,,15 days 08:00:00
-82,5868,5878,135.378864621,136.032,-53.55710107800161,-0.0048245003444851164,2016-09-08 16:00:00,2016-09-12 08:00:00,,3 days 16:00:00
-81,5879,5894,135.508,135.456,4.212000000001694,0.0003837411813326641,2016-09-12 12:00:00,2016-09-15 00:00:00,,2 days 12:00:00
-6,5938,5954,129.993870006,131.013,-6.114779963999979,-0.007839831170138645,2016-09-26 08:00:00,2016-09-29 00:00:00,,2 days 16:00:00
-82,5897,5954,134.895865104,131.013,318.39493852799916,0.028784166964691105,2016-09-15 12:00:00,2016-09-29 00:00:00,,13 days 12:00:00
86,5982,5983,131.938131938,132.002,5.492653332000998,0.0004840758396520428,2016-10-05 16:00:00,2016-10-05 20:00:00,,0 days 04:00:00
-2,5990,5991,130.288869711,128.537,3.503739421999967,0.013446042742452868,2016-10-07 00:00:00,2016-10-07 04:00:00,,0 days 04:00:00
-87,5990,5991,130.05886994099998,128.537,132.40268486699802,0.011701392928374355,2016-10-07 00:00:00,2016-10-07 04:00:00,,0 days 04:00:00
-3,6006,6027,126.796873203,126.758,0.11661960900002555,0.00030657856158466945,2016-10-11 16:00:00,2016-10-17 04:00:00,,5 days 12:00:00
-90,6004,6027,127.460872539,126.758,63.25852850999979,0.005514418071984717,2016-10-11 08:00:00,2016-10-17 04:00:00,,5 days 20:00:00
-91,6029,6038,126.654873345,127.684,-93.6505256049999,-0.0081254406389617,2016-10-17 12:00:00,2016-10-19 00:00:00,,1 days 12:00:00
-91,6053,6054,126.586873413,126.306,25.55948058300082,0.002218819419637863,2016-10-21 12:00:00,2016-10-21 16:00:00,,0 days 04:00:00
-91,6066,6067,126.59987339999999,127.129,-48.1505206000011,-0.0041795191874181015,2016-10-25 16:00:00,2016-10-25 20:00:00,,0 days 04:00:00
90,6072,6073,127.929127929,127.84,-8.02151361,-0.0006966976985058881,2016-10-26 16:00:00,2016-10-26 20:00:00,,0 days 04:00:00
89,6076,6077,128.15312815299998,127.978,-15.586405616998988,-0.0013665538682045009,2016-10-27 08:00:00,2016-10-27 12:00:00,,0 days 04:00:00
89,6078,6101,127.976,126.977,-88.91099999999958,-0.0078061511533412675,2016-10-27 16:00:00,2016-11-02 12:00:00,,5 days 20:00:00
-90,6105,6112,126.58487341499999,128.595,-180.9113926500008,-0.015879674488514572,2016-11-03 04:00:00,2016-11-04 08:00:00,,1 days 04:00:00
87,6114,6133,128.899128899,130.807,165.98478578699857,0.014801272260690945,2016-11-04 16:00:00,2016-11-09 20:00:00,,5 days 04:00:00
86,6137,6213,132.41913241900002,138.87,554.7746119659985,0.04871552519003197,2016-11-10 12:00:00,2016-11-29 04:00:00,,18 days 16:00:00
84,6220,6255,141.357141357,143.61,189.24012601200207,0.015937352873530486,2016-11-30 08:00:00,2016-12-08 04:00:00,,7 days 20:00:00
83,6267,6302,145.312,145.126,-15.438000000000585,-0.001280004404316304,2016-12-12 04:00:00,2016-12-20 00:00:00,,7 days 20:00:00
-1,6318,6342,144.511855488,143.698,0.8138554880000015,0.005631755853190756,2016-12-22 16:00:00,2016-12-28 20:00:00,,6 days 04:00:00
-83,6310,6342,145.321854678,143.698,134.77993827399888,0.011174194560054862,2016-12-21 08:00:00,2016-12-28 20:00:00,,7 days 12:00:00
-85,6344,6356,142.853,144.186,-113.30499999999986,-0.009331270606847575,2016-12-29 04:00:00,2017-01-02 04:00:00,,4 days 00:00:00
83,6363,6378,144.94814494800002,143.297,-137.04503068400197,-0.011391280299533069,2017-01-03 08:00:00,2017-01-05 20:00:00,,2 days 12:00:00
-1,6387,6429,142.47785752200002,139.746,2.7318575220000128,0.01917390933239005,2017-01-09 08:00:00,2017-01-18 08:00:00,,9 days 00:00:00
-83,6386,6429,143.155856844,139.746,283.0181180519991,0.02381919202730054,2017-01-09 04:00:00,2017-01-18 08:00:00,,9 days 04:00:00
86,6438,6483,141.952,141.978,2.2360000000008995,0.0001831605049595897,2017-01-19 20:00:00,2017-01-31 08:00:00,,11 days 12:00:00
-86,6487,6494,141.656858343,143.285,-140.02018250199882,-0.011493560396897307,2017-02-01 00:00:00,2017-02-02 04:00:00,,1 days 04:00:00
-86,6503,6528,140.74785925199998,141.563,-70.1021043280004,-0.005791496597760348,2017-02-03 16:00:00,2017-02-09 20:00:00,,6 days 04:00:00
84,6535,6559,142.357142357,141.329,-86.36395798799822,-0.007222274484982472,2017-02-13 00:00:00,2017-02-17 00:00:00,,4 days 00:00:00
-85,6579,6580,140.80685919299998,140.748,5.003031404999092,0.00041801367729754624,2017-02-22 08:00:00,2017-02-22 12:00:00,,0 days 04:00:00
-85,6592,6593,140.672859327,140.652,1.7730427950009187,0.00014828252656418073,2017-02-24 12:00:00,2017-02-24 16:00:00,,0 days 04:00:00
-85,6593,6594,140.461859538,139.849,52.093060730000786,0.004363174031838946,2017-02-24 16:00:00,2017-02-24 20:00:00,,0 days 04:00:00
-86,6594,6595,139.61486038500001,139.813,-17.040006889997755,-0.001419187144216405,2017-02-24 20:00:00,2017-02-27 00:00:00,,2 days 04:00:00
-86,6605,6613,138.992861007,139.774,-67.17795339800114,-0.005619993626583941,2017-02-28 16:00:00,2017-03-02 00:00:00,,1 days 08:00:00
-85,6627,6628,139.558860441,139.36,16.903137484999462,0.0014249216450435975,2017-03-06 08:00:00,2017-03-06 12:00:00,,0 days 04:00:00
-86,6631,6650,139.266860733,140.001,-63.13597696200151,-0.0052714569936884725,2017-03-07 00:00:00,2017-03-10 04:00:00,,3 days 04:00:00
84,6669,6670,140.527140527,139.868,-55.36780426800044,-0.004690485585404525,2017-03-15 08:00:00,2017-03-15 12:00:00,,0 days 04:00:00
-85,6672,6673,139.140860859,139.405,-22.451826985001304,-0.0018983578178928262,2017-03-15 20:00:00,2017-03-16 00:00:00,,0 days 04:00:00
-85,6699,6700,138.543861456,138.733,-16.076776240000186,-0.0013651889157144659,2017-03-22 08:00:00,2017-03-22 12:00:00,,0 days 04:00:00
-85,6703,6724,138.831,139.345,-43.69000000000085,-0.003702343136619435,2017-03-23 00:00:00,2017-03-28 12:00:00,,5 days 12:00:00
-85,6729,6741,137.944,139.839,-161.07500000000087,-0.013737458678884318,2017-03-29 08:00:00,2017-03-31 08:00:00,,2 days 00:00:00
83,6747,6754,139.85313985300002,137.422,-201.78460779900158,-0.017383519995013308,2017-04-03 08:00:00,2017-04-04 12:00:00,,1 days 04:00:00
-83,6770,6814,137.443862556,137.034,34.01859214800061,0.002982036071876304,2017-04-07 04:00:00,2017-04-18 12:00:00,,11 days 08:00:00
81,6820,6921,140.07514007499998,146.518,521.8716539250017,0.04599574143956131,2017-04-19 12:00:00,2017-05-12 08:00:00,,22 days 20:00:00
-82,6937,6938,145.754854245,145.511,19.996048089999533,0.001673043729919943,2017-05-17 00:00:00,2017-05-17 04:00:00,,0 days 04:00:00
-82,6941,6970,145.185,145.302,-9.593999999999198,-0.0008058683748319861,2017-05-17 16:00:00,2017-05-24 12:00:00,,6 days 20:00:00
82,6975,6979,145.401145401,144.728,-55.19792288199994,-0.004629574266031722,2017-05-25 08:00:00,2017-05-26 00:00:00,,0 days 16:00:00
-83,6991,7008,142.113857886,143.492,-114.38579546199875,-0.009697450582936806,2017-05-30 00:00:00,2017-06-01 20:00:00,,2 days 20:00:00
-83,7022,7037,141.867858132,142.205,-27.982775044000277,-0.0023764499756266932,2017-06-06 04:00:00,2017-06-08 16:00:00,,2 days 12:00:00
-1,7048,7063,139.493860506,139.685,-0.19113949399999797,-0.001370235889283311,2017-06-12 12:00:00,2017-06-15 00:00:00,,2 days 12:00:00
-84,7047,7063,140.07985992000002,139.685,33.168233280001346,0.0028188200661074525,2017-06-12 08:00:00,2017-06-15 00:00:00,,2 days 16:00:00
83,7077,7089,142.323142323,140.544,-147.66881280900017,-0.012500724014104958,2017-06-19 08:00:00,2017-06-21 08:00:00,,2 days 00:00:00
82,7106,7180,141.875141875,145.771,319.46036624999914,0.02745976549177631,2017-06-26 04:00:00,2017-07-12 12:00:00,,16 days 08:00:00
-82,7204,7205,145.535854464,145.567,-2.5539339519997384,-0.00021400593080445063,2017-07-18 12:00:00,2017-07-18 16:00:00,,0 days 04:00:00
-82,7210,7238,145.38385461599998,145.72,-27.563921488001597,-0.0023121232057567997,2017-07-19 12:00:00,2017-07-26 04:00:00,,6 days 16:00:00
81,7245,7253,146.00714600700002,145.336,-54.362826567000354,-0.004596665473947659,2017-07-27 08:00:00,2017-07-28 16:00:00,,1 days 08:00:00
-82,7256,7258,144.994855005,144.952,3.514110410000569,0.00029556224597437897,2017-07-31 04:00:00,2017-07-31 12:00:00,,0 days 08:00:00
81,7268,7281,146.15014615,144.662,-120.53983815000046,-0.010182310378757053,2017-08-02 04:00:00,2017-08-04 08:00:00,,2 days 04:00:00
-81,7284,7324,144.362855637,142.103,183.04830659699894,0.015653996500889278,2017-08-04 20:00:00,2017-08-15 20:00:00,,11 days 00:00:00
-84,7330,7331,141.96085803900002,142.014,-4.463924723999526,-0.00037434234854649695,2017-08-16 20:00:00,2017-08-17 00:00:00,,0 days 04:00:00
-1,7339,7372,140.454859545,140.672,-0.21714045499999202,-0.0015459803648190107,2017-08-18 08:00:00,2017-08-25 20:00:00,,7 days 12:00:00
-84,7334,7372,141.799,140.672,94.6680000000008,0.00794786987214302,2017-08-17 12:00:00,2017-08-25 20:00:00,,8 days 08:00:00
85,7378,7410,141.206,141.598,33.32000000000207,0.002776086002011402,2017-08-28 20:00:00,2017-09-05 04:00:00,,7 days 08:00:00
-85,7429,7430,141.35385864600002,141.499,-12.337015089997863,-0.001026794424929367,2017-09-08 08:00:00,2017-09-08 12:00:00,,0 days 04:00:00
84,7433,7434,142.66914266900002,142.931,21.996015803998944,0.0018354167278309408,2017-09-11 00:00:00,2017-09-11 04:00:00,,0 days 04:00:00
84,7438,7501,143.746,150.398,558.7679999999989,0.046276070290651505,2017-09-11 20:00:00,2017-09-26 08:00:00,,14 days 12:00:00
-84,7513,7514,150.526849473,150.685,-13.284644268000307,-0.0010506466291806404,2017-09-28 08:00:00,2017-09-28 12:00:00,,0 days 04:00:00
-84,7526,7565,149.985850014,148.443,129.59940117599842,0.010286637131809218,2017-10-02 12:00:00,2017-10-11 00:00:00,,8 days 12:00:00
-86,7574,7575,147.733852266,147.708,2.2232948760013187,0.0001749921605880278,2017-10-12 12:00:00,2017-10-12 16:00:00,,0 days 04:00:00
85,7579,7581,149.064149064,148.764,-25.51267043999843,-0.0020135563506360477,2017-10-13 08:00:00,2017-10-13 16:00:00,,0 days 08:00:00
85,7601,7602,149.263149263,149.202,-5.197687355000369,-0.0004096742116318497,2017-10-19 00:00:00,2017-10-19 04:00:00,,0 days 04:00:00
85,7611,7612,149.435149435,149.577,12.05729802499988,0.0009492449770776012,2017-10-20 16:00:00,2017-10-20 20:00:00,,0 days 04:00:00
84,7627,7641,150.269150269,149.466,-67.46462259599878,-0.005344744863215456,2017-10-25 08:00:00,2017-10-27 16:00:00,,2 days 08:00:00
83,7657,7658,151.602151602,151.618,1.3154170340002338,0.00010453940021659669,2017-11-01 08:00:00,2017-11-01 12:00:00,,0 days 04:00:00
-85,7665,7666,148.878851121,148.939,-5.112654714999678,-0.00040401224584352136,2017-11-02 16:00:00,2017-11-02 20:00:00,,0 days 04:00:00
-85,7688,7689,148.662851337,148.748,-7.237636354998642,-0.0005727635534646947,2017-11-08 12:00:00,2017-11-08 16:00:00,,0 days 04:00:00
-85,7694,7705,148.53785146200002,149.059,-44.29762572999806,-0.003508523469745395,2017-11-09 12:00:00,2017-11-13 08:00:00,,3 days 20:00:00
-85,7716,7718,148.61685138299998,148.194,35.94236755499949,0.00284524519975371,2017-11-15 04:00:00,2017-11-15 12:00:00,,0 days 08:00:00
-85,7731,7732,148.055851944,147.941,9.762415240000735,0.0007757339037395283,2017-11-17 16:00:00,2017-11-17 20:00:00,,0 days 04:00:00
-85,7733,7734,147.772852227,147.868,-8.08756070500067,-0.0006438785715108253,2017-11-20 00:00:00,2017-11-20 04:00:00,,0 days 04:00:00
-85,7772,7773,147.62985237,147.764,-11.402548550000091,-0.0009086755005607294,2017-11-28 12:00:00,2017-11-28 16:00:00,,0 days 04:00:00
-85,7774,7779,147.82985217,149.978,-182.59256554999993,-0.014531218143475355,2017-11-28 20:00:00,2017-11-29 16:00:00,,0 days 20:00:00
83,7779,7780,150.322150322,150.29,-2.668476726000563,-0.00021387614487378137,2017-11-29 16:00:00,2017-11-29 20:00:00,,0 days 04:00:00
82,7783,7806,151.51415151400002,151.075,-36.01042414800253,-0.002898419121988405,2017-11-30 08:00:00,2017-12-06 04:00:00,,5 days 20:00:00
82,7816,7817,151.81415181399998,152.336,42.79155125200231,0.0034374146267956984,2017-12-07 20:00:00,2017-12-08 00:00:00,,0 days 04:00:00
-82,7840,7848,151.026848973,150.842,15.157615785998928,0.0012239477566868828,2017-12-13 20:00:00,2017-12-15 04:00:00,,1 days 08:00:00
-1,7850,7867,149.75785024200002,151.255,-1.4971497579999777,-0.009997137082167429,2017-12-15 12:00:00,2017-12-20 08:00:00,,4 days 20:00:00
-83,7849,7867,150.626849373,151.255,-52.136502040999716,-0.004170243416859121,2017-12-15 08:00:00,2017-12-20 08:00:00,,5 days 00:00:00
82,7871,7889,151.643,151.54,-8.446000000000708,-0.000679226868368521,2017-12-21 00:00:00,2017-12-27 04:00:00,,6 days 04:00:00
81,7902,7921,152.088152088,152.439,28.418680872000493,0.0023068720816399324,2017-12-29 08:00:00,2018-01-04 12:00:00,,6 days 04:00:00
81,7923,7942,152.82515282499998,152.504,-26.01337882499874,-0.002101439580222353,2018-01-04 20:00:00,2018-01-10 00:00:00,,5 days 04:00:00
-82,7951,7962,150.358849641,152.186,-149.82632943800007,-0.012151930952933876,2018-01-11 12:00:00,2018-01-15 08:00:00,,3 days 20:00:00
80,7966,8023,152.711152711,153.466,60.38778311999977,0.004942974207185147,2018-01-16 00:00:00,2018-01-29 12:00:00,,13 days 12:00:00
-80,8027,8037,152.822847177,155.112,-183.1322258399996,-0.014979126912540108,2018-01-30 04:00:00,2018-01-31 20:00:00,,1 days 16:00:00
77,8045,8056,156.442156442,152.212,-325.7220460340007,-0.027039747713835105,2018-02-02 04:00:00,2018-02-06 00:00:00,,3 days 20:00:00
-78,8072,8122,151.200848799,150.175,80.01620632199905,0.0067846761916244835,2018-02-08 16:00:00,2018-02-21 00:00:00,,12 days 08:00:00
-80,8149,8150,148.998851001,148.991,0.6280800799981989,5.2691688205874776e-05,2018-02-27 12:00:00,2018-02-27 16:00:00,,0 days 04:00:00
-80,8155,8156,148.53785146200002,147.972,45.26811696000095,0.0038094765504587125,2018-02-28 12:00:00,2018-02-28 16:00:00,,0 days 04:00:00
-81,8158,8180,146.759,147.463,-57.024000000000626,-0.00479698008299323,2018-03-01 00:00:00,2018-03-06 16:00:00,,5 days 16:00:00
80,8197,8198,147.65914765899998,147.896,18.948187280000184,0.0016040478680465764,2018-03-09 12:00:00,2018-03-09 16:00:00,,0 days 04:00:00
80,8207,8223,148.167148167,148.012,-12.41185335999944,-0.0010471158345108922,2018-03-13 04:00:00,2018-03-15 20:00:00,,2 days 16:00:00
-80,8231,8237,147.246852753,149.183,-154.89177975999837,-0.013148988999091005,2018-03-19 04:00:00,2018-03-20 04:00:00,,1 days 00:00:00
78,8247,8257,149.682149682,147.811,-145.9496751959985,-0.01250082047842871,2018-03-21 20:00:00,2018-03-23 12:00:00,,1 days 16:00:00
77,8277,8287,150.5001505,149.194,-100.57358850000008,-0.008678732185055216,2018-03-28 20:00:00,2018-03-30 12:00:00,,1 days 16:00:00
-77,8294,8297,148.81185118800002,148.683,9.92154147600209,0.0008658664412234396,2018-04-02 16:00:00,2018-04-03 04:00:00,,0 days 12:00:00
76,8307,8369,150.132,152.482,178.59999999999957,0.015652892121599704,2018-04-04 20:00:00,2018-04-19 04:00:00,,14 days 08:00:00
-77,8373,8393,151.978848021,152.32,-26.268702382999123,-0.0022447332865218605,2018-04-19 20:00:00,2018-04-25 04:00:00,,5 days 08:00:00
76,8398,8410,152.45115245099998,150.171,-173.2915862759994,-0.014956610129483017,2018-04-26 00:00:00,2018-04-30 00:00:00,,4 days 00:00:00
-2,8432,8457,147.66985233,148.65,-1.960295340000016,-0.006637425679885345,2018-05-03 16:00:00,2018-05-09 20:00:00,,6 days 04:00:00
-76,8419,8457,149.83585016400002,148.65,90.12461246400119,0.00791432866501618,2018-05-01 12:00:00,2018-05-09 20:00:00,,8 days 08:00:00
77,8480,8490,149.195149195,149.416,17.005511984999828,0.001480281404533823,2018-05-15 16:00:00,2018-05-17 08:00:00,,1 days 16:00:00
77,8491,8508,149.74,148.82,-70.84000000000123,-0.006143982903699885,2018-05-17 12:00:00,2018-05-22 08:00:00,,4 days 20:00:00
-1,8514,8515,147.580852419,146.818,0.7628524189999837,0.00516904738315338,2018-05-23 08:00:00,2018-05-23 12:00:00,,0 days 04:00:00
-78,8514,8515,147.47885252100002,146.818,51.54649663800075,0.004480998527608637,2018-05-23 08:00:00,2018-05-23 12:00:00,,0 days 04:00:00
-79,8515,8516,146.230853769,146.417,-14.705552249000732,-0.0012729613908570858,2018-05-23 12:00:00,2018-05-23 16:00:00,,0 days 04:00:00
-79,8522,8555,145.943854056,144.686,99.37047042399882,0.008618753178310179,2018-05-24 16:00:00,2018-06-01 04:00:00,,7 days 12:00:00
79,8568,8590,146.898146898,146.509,-30.742604942000554,-0.0026490933086461554,2018-06-05 08:00:00,2018-06-11 00:00:00,,5 days 16:00:00
78,8598,8616,147.844147844,146.771,-83.70553183200036,-0.0072586426967157225,2018-06-12 08:00:00,2018-06-15 08:00:00,,3 days 00:00:00
-79,8622,8646,146.291853708,145.931,28.507442931998355,0.002466669871585947,2018-06-18 08:00:00,2018-06-22 08:00:00,,4 days 00:00:00
-1,8671,8680,144.12285587699998,145.704,-1.5811441230000298,-0.010970807602851185,2018-06-28 12:00:00,2018-07-02 00:00:00,,3 days 12:00:00
-80,8664,8680,144.96985503,145.704,-58.73159760000135,-0.005064121570985236,2018-06-27 08:00:00,2018-07-02 00:00:00,,4 days 16:00:00
78,8700,8755,146.49014649,147.355,67.45857377999914,0.005903834016979692,2018-07-05 08:00:00,2018-07-18 12:00:00,,13 days 04:00:00
-79,8760,8788,146.864853135,146.312,43.675397664999394,0.0037643665124684755,2018-07-19 08:00:00,2018-07-26 00:00:00,,6 days 16:00:00
-79,8793,8812,145.74985425,146.795,-82.56651424999913,-0.007170818491573083,2018-07-26 20:00:00,2018-08-01 00:00:00,,5 days 04:00:00
78,8815,8824,147.001147001,145.311,-131.83146607799887,-0.011497508934324774,2018-08-01 12:00:00,2018-08-03 00:00:00,,1 days 12:00:00
-4,8856,8897,141.174858825,140.785,1.5594353000000183,0.002761531537872952,2018-08-10 08:00:00,2018-08-21 04:00:00,,10 days 20:00:00
-78,8828,8897,144.982855017,140.785,327.4326913259996,0.02895414783015393,2018-08-03 16:00:00,2018-08-21 04:00:00,,17 days 12:00:00
82,8905,8952,142.663142663,143.396,60.094301633998725,0.00513697738126484,2018-08-22 12:00:00,2018-09-03 08:00:00,,11 days 20:00:00
-82,8958,8970,142.820857179,143.803,-80.53571132199971,-0.006876746438855719,2018-09-04 08:00:00,2018-09-06 08:00:00,,2 days 00:00:00
81,8977,8978,144.227144227,143.955,-22.04368238699871,-0.0018869140650227267,2018-09-07 12:00:00,2018-09-07 16:00:00,,0 days 04:00:00
80,8984,8985,144.95014494999998,144.768,-14.571595999998408,-0.0012566041245616333,2018-09-10 16:00:00,2018-09-10 20:00:00,,0 days 04:00:00
80,8989,9043,145.24,147.795,204.39999999999827,0.017591572569539915,2018-09-11 12:00:00,2018-09-24 12:00:00,,13 days 00:00:00
80,9052,9064,148.862,148.2,-52.96000000000049,-0.004447071784605905,2018-09-26 00:00:00,2018-09-28 00:00:00,,2 days 00:00:00
79,9072,9073,148.68314868299998,148.791,8.52025404300096,0.0007253768699098107,2018-10-01 08:00:00,2018-10-01 12:00:00,,0 days 04:00:00
-80,9078,9079,147.522852477,147.336,14.9481981599979,0.0012666002172720958,2018-10-02 08:00:00,2018-10-02 12:00:00,,0 days 04:00:00
79,9100,9107,149.40914940899998,147.939,-116.14180331099897,-0.009839754893293251,2018-10-08 00:00:00,2018-10-09 04:00:00,,1 days 04:00:00
79,9122,9123,148.73014873,148.203,-41.64474966999947,-0.0035443300131230426,2018-10-11 16:00:00,2018-10-11 20:00:00,,0 days 04:00:00
-79,9128,9129,147.177852822,147.325,-11.624627061998666,-0.0009997915799053736,2018-10-12 16:00:00,2018-10-12 20:00:00,,0 days 04:00:00
-79,9134,9143,147.136,148.197,-83.81900000000056,-0.0072110156589821894,2018-10-15 16:00:00,2018-10-17 04:00:00,,1 days 12:00:00
-79,9152,9166,147.036852963,146.199,66.19038407699912,0.005698251466323412,2018-10-18 16:00:00,2018-10-23 00:00:00,,4 days 08:00:00
-80,9167,9209,145.797854202,145.063,58.788336160000654,0.005040226456158092,2018-10-23 04:00:00,2018-11-01 04:00:00,,9 days 00:00:00
80,9215,9251,146.399,147.442,83.44000000000051,0.007124365603590199,2018-11-02 04:00:00,2018-11-12 04:00:00,,10 days 00:00:00
-80,9257,9265,146.279,147.662,-110.64000000000078,-0.009454535510907247,2018-11-13 04:00:00,2018-11-14 12:00:00,,1 days 08:00:00
-80,9275,9305,145.079,145.458,-30.319999999999254,-0.0026123698123090566,2018-11-16 04:00:00,2018-11-23 04:00:00,,7 days 00:00:00
80,9327,9328,145.72314572300002,145.764,3.26834215999952,0.0002803554424886112,2018-11-28 20:00:00,2018-11-29 00:00:00,,0 days 04:00:00
-80,9330,9331,144.57885542100001,144.755,-14.091566319998492,-0.001218328769356125,2018-11-29 08:00:00,2018-11-29 12:00:00,,0 days 04:00:00
-1,9343,9346,144.494855505,144.592,-0.0971444950000091,-0.0006723041776157679,2018-12-03 12:00:00,2018-12-04 00:00:00,,0 days 12:00:00
-80,9343,9346,144.331855668,144.592,-20.811546560000806,-0.0018024041248274614,2018-12-03 12:00:00,2018-12-04 00:00:00,,0 days 12:00:00
-2,9373,9391,142.591857408,143.655,-2.1262851839999826,-0.0074558436317861965,2018-12-10 12:00:00,2018-12-13 12:00:00,,3 days 00:00:00
-80,9347,9391,144.15985584,143.655,40.38846720000038,0.0035020556663176716,2018-12-04 04:00:00,2018-12-13 12:00:00,,9 days 08:00:00
-1,9423,9460,140.646859353,139.429,1.2178593529999944,0.008658987186790812,2018-12-20 20:00:00,2019-01-02 08:00:00,,12 days 12:00:00
-82,9404,9460,142.292857707,139.429,234.8363319739995,0.020126503558576814,2018-12-17 16:00:00,2019-01-02 08:00:00,,15 days 16:00:00
-1,9460,9461,139.17986082000002,138.235,0.9448608200000024,0.006788775433695715,2019-01-02 08:00:00,2019-01-02 12:00:00,,0 days 04:00:00
-85,9460,9461,139.094860905,138.235,73.08817692499801,0.006181830869993465,2019-01-02 08:00:00,2019-01-02 12:00:00,,0 days 04:00:00
-87,9462,9479,137.679,137.934,-22.184999999999604,-0.00185213431242226,2019-01-02 16:00:00,2019-01-07 12:00:00,,4 days 20:00:00
86,9503,9504,139.095139095,138.745,-30.111962170000254,-0.0025172633441982173,2019-01-11 12:00:00,2019-01-11 16:00:00,,0 days 04:00:00
85,9504,9505,139.418139418,139.388,-2.5618505300003847,-0.00021618003314216594,2019-01-11 16:00:00,2019-01-11 20:00:00,,0 days 04:00:00
85,9510,9521,139.554139554,139.843,24.55313791000009,0.0020698808858208295,2019-01-14 16:00:00,2019-01-16 12:00:00,,1 days 20:00:00
85,9522,9582,140.039140039,143.295,276.7480966849999,0.023249642636289147,2019-01-16 16:00:00,2019-01-30 16:00:00,,14 days 00:00:00
-85,9590,9600,142.692,143.573,-74.88500000000002,-0.006174137302721983,2019-02-01 00:00:00,2019-02-04 16:00:00,,3 days 16:00:00
-85,9614,9640,142.018857981,142.861,-71.58207161499945,-0.005929790106555144,2019-02-07 00:00:00,2019-02-13 08:00:00,,6 days 08:00:00
84,9664,9725,143.012143012,147.624,387.39598699199996,0.03224800979042053,2019-02-19 08:00:00,2019-03-05 12:00:00,,14 days 04:00:00
-85,9737,9755,146.67985332,147.043,-30.867467799999986,-0.0024757774962302914,2019-03-07 12:00:00,2019-03-12 12:00:00,,5 days 00:00:00
84,9763,9764,147.788147788,148.112,27.203585807999275,0.0021913273618163753,2019-03-13 20:00:00,2019-03-14 00:00:00,,0 days 04:00:00
84,9766,9767,148.714148714,148.085,-52.84849197599965,-0.004230590831071135,2019-03-14 08:00:00,2019-03-14 12:00:00,,0 days 04:00:00
83,9777,9785,148.36014836,147.692,-55.456313880000295,-0.004503556833730826,2019-03-18 04:00:00,2019-03-19 12:00:00,,1 days 08:00:00
83,9788,9795,148.038148038,146.294,-144.7642871539993,-0.011781747212564975,2019-03-20 00:00:00,2019-03-21 04:00:00,,1 days 04:00:00
-84,9798,9819,144.558855441,145.732,-98.54414295600066,-0.008115342055117658,2019-03-21 16:00:00,2019-03-27 04:00:00,,5 days 12:00:00
-84,9832,9843,144.18185581799997,145.574,-116.94011128800321,-0.009655474151736065,2019-03-29 08:00:00,2019-04-02 04:00:00,,3 days 20:00:00
82,9847,9864,146.33114633099999,145.644,-56.345999141998334,-0.004695830984920102,2019-04-02 20:00:00,2019-04-05 16:00:00,,2 days 20:00:00
-82,9875,9892,145.082854917,146.071,-81.02789680600051,-0.006810901836507899,2019-04-09 12:00:00,2019-04-12 08:00:00,,2 days 20:00:00
81,9893,9894,146.53014653,146.871,27.60913107000107,0.0023261661717524085,2019-04-12 12:00:00,2019-04-12 16:00:00,,0 days 04:00:00
81,9895,9911,146.595,146.014,-47.0609999999991,-0.003963300248985169,2019-04-12 20:00:00,2019-04-17 12:00:00,,4 days 16:00:00
-81,9920,9963,145.345,144.476,70.38899999999998,0.005978877842375052,2019-04-19 00:00:00,2019-04-30 04:00:00,,11 days 04:00:00
82,9972,9987,145.574,144.994,-47.560000000001025,-0.003984227952793851,2019-05-01 16:00:00,2019-05-06 04:00:00,,4 days 12:00:00
-82,9996,9997,144.02985597,144.053,-1.8978104599997891,-0.00016068911437927547,2019-05-07 16:00:00,2019-05-07 20:00:00,,0 days 04:00:00
-4,10031,10060,140.98885901100002,140.401,2.3514360440000246,0.0041695422966302464,2019-05-15 12:00:00,2019-05-22 08:00:00,,6 days 20:00:00
-82,9999,10060,143.965,140.401,292.2479999999994,0.024756017087486537,2019-05-08 04:00:00,2019-05-22 08:00:00,,14 days 04:00:00
-87,10064,10122,139.630860369,137.444,190.25685210300136,0.01566172666429788,2019-05-23 00:00:00,2019-06-05 16:00:00,,13 days 16:00:00
89,10138,10157,138.151138151,137.316,-74.32729543899958,-0.0060451051086324314,2019-06-10 08:00:00,2019-06-13 12:00:00,,3 days 04:00:00
-89,10162,10186,137.080862919,136.468,54.54479979100074,0.004470813109501259,2019-06-14 08:00:00,2019-06-20 08:00:00,,6 days 00:00:00
-90,10206,10207,135.926864073,136.096,-15.22223343000121,-0.001244315670441587,2019-06-25 16:00:00,2019-06-25 20:00:00,,0 days 04:00:00
90,10216,10217,137.11113711099998,137.036,-6.76233998999777,-0.000548001516019414,2019-06-27 08:00:00,2019-06-27 12:00:00,,0 days 04:00:00
89,10226,10227,137.318137318,137.321,0.25477869799999553,2.0847078586294643e-05,2019-07-01 00:00:00,2019-07-01 04:00:00,,0 days 04:00:00
-90,10238,10239,135.78886421099998,135.586,18.25777898999661,0.0014939679492770308,2019-07-03 00:00:00,2019-07-03 04:00:00,,0 days 04:00:00
-91,10265,10266,135.421864578,135.46,-3.4703234020009575,-0.00028160461472626075,2019-07-09 12:00:00,2019-07-09 16:00:00,,0 days 04:00:00
-91,10274,10275,135.384864615,135.27,10.452679964998879,0.0008484302534602639,2019-07-11 00:00:00,2019-07-11 04:00:00,,0 days 04:00:00
-91,10275,10282,135.153864846,135.855,-63.80329901399864,-0.005187681127719834,2019-07-11 04:00:00,2019-07-12 08:00:00,,1 days 04:00:00
-91,10294,10314,134.942865057,134.813,11.817720187001612,0.0009623706814373412,2019-07-16 08:00:00,2019-07-19 16:00:00,,3 days 08:00:00
91,10338,10349,135.27013527,133.903,-124.40930957000052,-0.010106704390227761,2019-07-25 16:00:00,2019-07-29 12:00:00,,3 days 20:00:00
-91,10353,10421,132.83986716,128.424,401.84391156000044,0.03324203233869005,2019-07-30 04:00:00,2019-08-14 12:00:00,,15 days 08:00:00
97,10434,10449,129.447,129.315,-12.804000000000485,-0.0010197223574127667,2019-08-16 16:00:00,2019-08-21 04:00:00,,4 days 12:00:00
97,10457,10470,129.626129626,129.863,22.97642627800056,0.0018273350803841293,2019-08-22 12:00:00,2019-08-26 16:00:00,,4 days 04:00:00
96,10476,10477,130.136130136,130.008,-12.300493055998231,-0.0009845854173324842,2019-08-27 16:00:00,2019-08-27 20:00:00,,0 days 04:00:00
-97,10496,10497,128.708,128.893,-17.94500000000022,-0.0014373620909344798,2019-09-02 00:00:00,2019-09-02 04:00:00,,0 days 04:00:00
-97,10498,10499,128.456871543,128.41,4.546539671000858,0.00036488155469616146,2019-09-02 08:00:00,2019-09-02 12:00:00,,0 days 04:00:00
-2,10504,10515,127.458872541,130.187,-5.456254918000013,-0.021403982356131834,2019-09-03 08:00:00,2019-09-05 04:00:00,,1 days 20:00:00
-97,10500,10515,128.392,130.187,-174.11500000000154,-0.013980621845598007,2019-09-02 16:00:00,2019-09-05 04:00:00,,2 days 12:00:00
94,10518,10589,131.757,133.496,163.4660000000004,0.013198539736029247,2019-09-05 16:00:00,2019-09-23 12:00:00,,17 days 20:00:00
-94,10598,10628,133.537866462,132.483,99.15744742800064,0.007899380826937086,2019-09-25 00:00:00,2019-10-02 00:00:00,,7 days 00:00:00
-96,10630,10657,131.773868226,130.866,87.15534969599776,0.006889592285800772,2019-10-02 08:00:00,2019-10-08 20:00:00,,6 days 12:00:00
-97,10658,10671,130.796,134.351,-344.83500000000066,-0.02717973026698073,2019-10-09 00:00:00,2019-10-11 04:00:00,,2 days 04:00:00
90,10673,10722,137.12013712,139.784,239.7476591999984,0.019427218612454444,2019-10-11 12:00:00,2019-10-23 16:00:00,,12 days 04:00:00
89,10746,10763,140.424140424,139.908,-45.93649773600123,-0.0036755818653514405,2019-10-29 16:00:00,2019-11-01 12:00:00,,2 days 20:00:00
89,10777,10778,140.73414073400002,140.585,-13.27352532600122,-0.0010597338586229021,2019-11-05 20:00:00,2019-11-06 00:00:00,,0 days 04:00:00
-90,10785,10786,139.600860399,139.716,-10.362564090000888,-0.000824777158757728,2019-11-07 04:00:00,2019-11-07 08:00:00,,0 days 04:00:00
-90,10794,10795,139.485860514,139.437,4.397446259998503,0.0003502900854605029,2019-11-08 16:00:00,2019-11-08 20:00:00,,0 days 04:00:00
-90,10799,10804,139.499,140.457,-86.21999999999986,-0.006867432741453294,2019-11-11 12:00:00,2019-11-12 08:00:00,,0 days 20:00:00
-89,10818,10827,139.432860567,140.609,-104.67640953700027,-0.008435166776449066,2019-11-14 16:00:00,2019-11-18 04:00:00,,3 days 12:00:00
87,10828,10829,140.74014074000002,141.288,47.66375561999962,0.0038927008110081207,2019-11-18 08:00:00,2019-11-18 12:00:00,,0 days 04:00:00
-88,10852,10853,139.66986032999998,139.726,-4.940290960001903,-0.00040194548678851305,2019-11-22 08:00:00,2019-11-22 12:00:00,,0 days 04:00:00
88,10872,10873,140.926140926,140.966,3.5075985120017776,0.00028283662447647906,2019-11-27 16:00:00,2019-11-27 20:00:00,,0 days 04:00:00
87,10874,10875,141.56414156399998,141.513,-4.449316067997984,-0.00036126072206543736,2019-11-28 00:00:00,2019-11-28 04:00:00,,0 days 04:00:00
87,10887,10896,141.67714167699998,141.29,-33.68132589899898,-0.002732562729721111,2019-12-02 04:00:00,2019-12-03 16:00:00,,1 days 12:00:00
87,10900,10901,141.84314184299998,141.951,9.383659659000841,0.0007604044552214084,2019-12-04 08:00:00,2019-12-04 12:00:00,,0 days 04:00:00
86,10904,10959,142.619,143.347,62.60800000000074,0.005104509216864672,2019-12-05 00:00:00,2019-12-18 04:00:00,,13 days 04:00:00
-87,10967,10994,143.065856934,142.192,76.02555325800023,0.006108074649866513,2019-12-19 12:00:00,2019-12-27 04:00:00,,7 days 16:00:00
87,11008,11011,143.42014342,143.592,14.951522460002167,0.0011982736587896614,2019-12-31 12:00:00,2020-01-02 04:00:00,,1 days 16:00:00
-89,11022,11031,140.993859006,142.859,-165.99754846600007,-0.013228526456039669,2020-01-06 00:00:00,2020-01-07 12:00:00,,1 days 12:00:00
86,11041,11042,143.283143283,143.332,4.201677662000577,0.0003409802149825225,2020-01-09 04:00:00,2020-01-09 08:00:00,,0 days 04:00:00
86,11047,11058,143.283143283,142.782,-43.098322337997956,-0.003497573207269511,2020-01-10 04:00:00,2020-01-14 00:00:00,,3 days 20:00:00
86,11070,11086,143.428143428,143.246,-15.664334807999069,-0.0012699280883561315,2020-01-16 00:00:00,2020-01-20 16:00:00,,4 days 16:00:00
-86,11110,11111,142.855857144,142.974,-10.160285615999271,-0.0008270074350602563,2020-01-24 16:00:00,2020-01-24 20:00:00,,0 days 04:00:00
-86,11120,11138,142.051857948,142.842,-67.95221647200185,-0.0055623492956302645,2020-01-28 08:00:00,2020-01-31 08:00:00,,3 days 00:00:00
-86,11146,11147,141.115858884,141.313,-16.954135975998554,-0.0013970160232807949,2020-02-03 16:00:00,2020-02-03 20:00:00,,0 days 04:00:00
85,11156,11157,143.283143283,143.323,3.3878209450017494,0.00027816752261844435,2020-02-05 08:00:00,2020-02-05 12:00:00,,0 days 04:00:00
-86,11172,11186,141.337,142.39,-90.55799999999977,-0.007450278412588274,2020-02-10 00:00:00,2020-02-12 08:00:00,,2 days 08:00:00
85,11186,11187,142.815142815,142.768,-4.007139275000071,-0.0003300967535428967,2020-02-12 08:00:00,2020-02-12 12:00:00,,0 days 04:00:00
84,11193,11212,142.883142883,142.994,9.311997827999562,0.0007758586125921063,2020-02-13 12:00:00,2020-02-18 16:00:00,,5 days 04:00:00
84,11216,11217,143.226143226,143.377,12.67196901600039,0.0010532768013027383,2020-02-19 08:00:00,2020-02-19 12:00:00,,0 days 04:00:00
84,11221,11239,143.67,143.558,-9.40799999999956,-0.0007795642792510771,2020-02-20 04:00:00,2020-02-25 04:00:00,,5 days 00:00:00
-17,11338,11352,126.105873894,129.357,-55.269143802000016,-0.025780925230594498,2020-03-18 16:00:00,2020-03-23 00:00:00,,4 days 08:00:00
-4,11260,11352,139.020860979,129.357,38.65544391599997,0.06951374715237724,2020-02-28 16:00:00,2020-03-23 00:00:00,,23 days 08:00:00
-2,11256,11352,140.920859079,129.357,23.127718157999993,0.08205924342625048,2020-02-28 00:00:00,2020-03-23 00:00:00,,24 days 00:00:00
-85,11246,11352,142.95885704100002,129.357,1156.1578484850015,0.09514525593261469,2020-02-26 08:00:00,2020-03-23 00:00:00,,25 days 16:00:00
101,11368,11401,131.41613141599998,133.063,166.33372698400035,0.01253170798938541,2020-03-25 16:00:00,2020-04-02 04:00:00,,7 days 12:00:00
100,11414,11415,134.083134083,134.419,33.58659170000067,0.0025049080132040213,2020-04-06 08:00:00,2020-04-06 12:00:00,,0 days 04:00:00
100,11421,11450,134.516134516,135.294,77.78654840000172,0.005782692810783141,2020-04-07 12:00:00,2020-04-14 08:00:00,,6 days 20:00:00
100,11453,11460,135.407135407,134.483,-92.41354069999943,-0.006824864909978912,2020-04-14 20:00:00,2020-04-16 00:00:00,,1 days 04:00:00
-100,11476,11507,133.897866102,133.066,83.18661019999922,0.006212691256530567,2020-04-20 16:00:00,2020-04-27 20:00:00,,7 days 04:00:00
-1,11546,11564,131.940868059,132.892,-0.9511319409999999,-0.007208774316799893,2020-05-06 08:00:00,2020-05-11 08:00:00,,5 days 00:00:00
-102,11542,11564,132.51986748000002,132.892,-37.957517039997924,-0.0028081262611898694,2020-05-05 16:00:00,2020-05-11 08:00:00,,5 days 16:00:00
-103,11579,11601,130.825,131.659,-85.90200000000033,-0.0063749283393848,2020-05-13 20:00:00,2020-05-19 12:00:00,,5 days 16:00:00
101,11630,11631,132.506132506,132.532,2.6126168940010643,0.0001952173345549646,2020-05-26 08:00:00,2020-05-26 12:00:00,,0 days 04:00:00
101,11632,11633,133.01813301800001,132.677,-34.45443481800223,-0.0025645602615236296,2020-05-26 16:00:00,2020-05-26 20:00:00,,0 days 04:00:00
100,11650,11653,133.185133185,133.362,17.686681499998258,0.0013279771605911872,2020-05-29 16:00:00,2020-06-01 04:00:00,,2 days 12:00:00
101,11654,11694,133.138,137.082,398.3439999999988,0.02962339827847793,2020-06-01 08:00:00,2020-06-10 00:00:00,,8 days 16:00:00
-102,11705,11723,134.675,135.161,-49.57199999999898,-0.0036086875812140207,2020-06-11 20:00:00,2020-06-16 20:00:00,,5 days 00:00:00
-2,11733,11752,133.500866499,133.241,0.519732997999995,0.0019465529012273608,2020-06-18 12:00:00,2020-06-23 16:00:00,,5 days 04:00:00
-102,11728,11752,134.432865567,133.241,121.5702878339979,0.008865879351548589,2020-06-17 16:00:00,2020-06-23 16:00:00,,6 days 00:00:00
-104,11768,11787,132.677867322,133.19,-53.26179851200004,-0.003859970681900471,2020-06-26 08:00:00,2020-07-01 12:00:00,,5 days 04:00:00
103,11789,11831,134.071,134.983,93.93600000000063,0.006802365910599573,2020-07-01 20:00:00,2020-07-10 20:00:00,,9 days 00:00:00
103,11836,11842,135.19813519800002,134.334,-89.00592539400142,-0.0063916206886616145,2020-07-13 16:00:00,2020-07-14 16:00:00,,1 days 00:00:00
101,11871,11892,136.21,135.624,-59.186000000001286,-0.004302180456647875,2020-07-21 12:00:00,2020-07-27 00:00:00,,5 days 12:00:00
101,11911,11953,136.375,138.154,179.67899999999963,0.013044912923922958,2020-07-30 04:00:00,2020-08-10 04:00:00,,11 days 00:00:00
100,11963,11989,139.462,138.879,-58.29999999999984,-0.0041803502029226225,2020-08-11 20:00:00,2020-08-18 04:00:00,,6 days 08:00:00
-100,12002,12003,138.592861407,138.846,-25.313859300001695,-0.0018264908483029973,2020-08-20 08:00:00,2020-08-20 12:00:00,,0 days 04:00:00
-100,12010,12011,138.56286143699998,138.456,10.686143699999207,0.0007712126892571725,2020-08-21 16:00:00,2020-08-21 20:00:00,,0 days 04:00:00
-100,12016,12025,138.313861686,139.929,-161.51383140000064,-0.01167734234524298,2020-08-24 16:00:00,2020-08-26 04:00:00,,1 days 12:00:00
98,12028,12067,140.12914012899998,140.914,76.91626735800088,0.005600975430788191,2020-08-26 16:00:00,2020-09-04 04:00:00,,8 days 12:00:00
-1,12134,12158,133.977866022,134.461,-0.4831339780000121,-0.0036060730950937536,2020-09-21 08:00:00,2020-09-25 08:00:00,,4 days 00:00:00
-8,12123,12158,134.995865004,134.461,4.27892003199986,0.003962084349651285,2020-09-17 12:00:00,2020-09-25 08:00:00,,7 days 20:00:00
-1,12074,12158,140.10985989000002,134.461,5.648859890000011,0.04031736163632538,2020-09-07 08:00:00,2020-09-25 08:00:00,,18 days 00:00:00
-98,12074,12158,140.46985953,134.461,588.8682339399995,0.04277686010440329,2020-09-07 08:00:00,2020-09-25 08:00:00,,18 days 00:00:00
105,12172,12192,136.22413622399998,136.043,-19.019303519996953,-0.001329692586210407,2020-09-29 16:00:00,2020-10-05 00:00:00,,5 days 08:00:00
105,12196,12208,137.008137008,136.575,-45.47938584000178,-0.0031613962313400412,2020-10-05 16:00:00,2020-10-07 16:00:00,,2 days 00:00:00
104,12220,12237,137.441137441,135.972,-152.7902938639986,-0.010689211893568973,2020-10-09 16:00:00,2020-10-14 12:00:00,,4 days 20:00:00
-104,12247,12258,135.65986433999998,136.464,-83.63010864000148,-0.005927587086366426,2020-10-16 04:00:00,2020-10-20 00:00:00,,3 days 20:00:00
102,12268,12269,137.24213724199998,137.494,25.6900013160016,0.0018351707650536841,2020-10-21 16:00:00,2020-10-21 20:00:00,,0 days 04:00:00
-103,12290,12324,136.29386370600002,136.372,-8.048038281998913,-0.000573292823868643,2020-10-27 08:00:00,2020-11-04 00:00:00,,7 days 16:00:00
103,12324,12325,137.371137371,136.278,-112.5931492130012,-0.00795754764734724,2020-11-04 00:00:00,2020-11-04 04:00:00,,0 days 04:00:00
103,12342,12346,136.242136242,138.223,204.02896707400274,0.014539288744573886,2020-11-09 00:00:00,2020-11-09 16:00:00,,0 days 16:00:00
102,12347,12368,138.579,137.669,-92.81999999999965,-0.006566651512855404,2020-11-09 20:00:00,2020-11-13 08:00:00,,3 days 12:00:00
-102,12389,12390,137.81286218699998,137.792,2.1279430739976988,0.000151380550907243,2020-11-18 20:00:00,2020-11-19 00:00:00,,0 days 04:00:00
-102,12390,12391,137.66186233800002,137.473,19.26395847600071,0.0013719292677901729,2020-11-19 00:00:00,2020-11-19 04:00:00,,0 days 04:00:00
-103,12393,12404,137.451,138.259,-83.22399999999925,-0.005878458505212736,2020-11-19 12:00:00,2020-11-23 08:00:00,,3 days 20:00:00
100,12419,12430,139.84013984,139.018,-82.21398400000055,-0.005879140573948671,2020-11-25 20:00:00,2020-11-27 16:00:00,,1 days 20:00:00
100,12443,12467,139.985,138.963,-102.20000000000198,-0.007300782226667302,2020-12-01 20:00:00,2020-12-07 20:00:00,,6 days 00:00:00
-100,12485,12486,138.406861593,138.525,-11.813840700000355,-0.0008535588889184709,2020-12-10 20:00:00,2020-12-11 00:00:00,,0 days 04:00:00
-1,12488,12499,138.464,138.834,-0.37000000000000455,-0.0026721747168938492,2020-12-11 08:00:00,2020-12-15 04:00:00,,3 days 20:00:00
-100,12488,12499,137.902862097,138.834,-93.11379030000069,-0.006752128917709044,2020-12-11 08:00:00,2020-12-15 04:00:00,,3 days 20:00:00
98,12509,12525,139.607139607,137.136,-242.17168148599978,-0.01770066784518587,2020-12-16 20:00:00,2020-12-21 12:00:00,,4 days 16:00:00
96,12544,12556,140.889,140.021,-83.32800000000225,-0.006160878422020288,2020-12-24 16:00:00,2020-12-29 16:00:00,,5 days 00:00:00
96,12560,12561,140.167140167,140.164,-0.3014560320025339,-2.2403018255845453e-05,2020-12-30 08:00:00,2020-12-30 12:00:00,,0 days 04:00:00
95,12563,12578,140.396,139.987,-38.85499999999922,-0.0029131884099261596,2020-12-30 20:00:00,2021-01-05 08:00:00,,5 days 12:00:00
95,12596,12607,140.998140998,140.957,-3.9083948100002885,-0.0002917839746595652,2021-01-08 08:00:00,2021-01-12 04:00:00,,3 days 20:00:00
94,12609,12631,141.681,140.919,-71.62800000000004,-0.005378279374086858,2021-01-12 12:00:00,2021-01-18 04:00:00,,5 days 16:00:00
93,12645,12670,142.1,142.088,-1.1160000000000423,-8.444757213232901e-05,2021-01-20 12:00:00,2021-01-26 16:00:00,,6 days 04:00:00
93,12676,12709,142.397,143.279,82.02600000000047,0.006193950715253971,2021-01-27 16:00:00,2021-02-04 04:00:00,,7 days 12:00:00
93,12716,12734,144.35,144.511,14.973000000000127,0.0011153446484239993,2021-02-05 08:00:00,2021-02-10 08:00:00,,5 days 00:00:00
92,12735,12809,144.975,148.718,344.35599999999954,0.025818244524917988,2021-02-10 12:00:00,2021-02-26 20:00:00,,16 days 08:00:00
92,12830,12882,149.69414969399998,151.405,157.3982281520024,0.011428972404715187,2021-03-04 08:00:00,2021-03-17 00:00:00,,12 days 16:00:00
91,12891,12899,152.218,151.125,-99.46299999999903,-0.007180491137710354,2021-03-18 12:00:00,2021-03-19 20:00:00,,1 days 08:00:00
-92,12908,12927,150.266849733,150.973,-64.96582456400245,-0.004699308385413881,2021-03-23 08:00:00,2021-03-26 12:00:00,,3 days 04:00:00
90,12933,12974,151.54415154400002,151.744,17.986361039998542,0.0013187474010962763,2021-03-29 12:00:00,2021-04-07 08:00:00,,8 days 20:00:00
-91,12980,13022,150.65584934400002,150.507,13.545290304001156,0.0009880090593770152,2021-04-08 08:00:00,2021-04-19 08:00:00,,11 days 00:00:00
91,13027,13028,151.29,151.453,14.833000000000993,0.0010774010179126492,2021-04-20 04:00:00,2021-04-20 08:00:00,,0 days 04:00:00
91,13029,13037,151.668,150.58,-99.00799999999944,-0.007173563309333497,2021-04-20 12:00:00,2021-04-21 20:00:00,,1 days 08:00:00
-91,13046,13059,149.587,150.171,-53.14400000000029,-0.0039040825740204177,2021-04-23 08:00:00,2021-04-27 12:00:00,,4 days 04:00:00
90,13088,13106,151.929151929,151.699,-20.713673609998864,-0.001514863514196052,2021-05-04 08:00:00,2021-05-07 08:00:00,,3 days 00:00:00
89,13110,13111,152.40615240600002,152.546,12.4464358659977,0.0009175980876903189,2021-05-10 00:00:00,2021-05-10 04:00:00,,0 days 04:00:00
88,13115,13160,153.882,154.092,18.4800000000007,0.0013646820290873496,2021-05-10 20:00:00,2021-05-20 08:00:00,,9 days 12:00:00
-88,13246,13257,154.547845452,155.068,-45.77360022400194,-0.0033656538302344607,2021-06-09 16:00:00,2021-06-11 12:00:00,,1 days 20:00:00
-88,13282,13283,153.733846266,153.285,39.49847140800034,0.0029196320582741686,2021-06-17 16:00:00,2021-06-17 20:00:00,,0 days 04:00:00
-89,13286,13301,153.137846862,154.307,-104.05462928199861,-0.0076346452686746336,2021-06-18 08:00:00,2021-06-22 20:00:00,,4 days 12:00:00
-88,13324,13342,153.58984641,153.839,-21.92551591999927,-0.0016222009190300923,2021-06-28 16:00:00,2021-07-01 16:00:00,,3 days 00:00:00
-89,13369,13383,152.28684771300001,152.591,-27.069553542999444,-0.0019972327982860083,2021-07-08 04:00:00,2021-07-12 12:00:00,,4 days 08:00:00
88,13387,13401,153.35,151.942,-123.90399999999886,-0.00918161069448964,2021-07-13 04:00:00,2021-07-15 12:00:00,,2 days 08:00:00
-88,13409,13431,151.607848392,151.394,18.81865849599899,0.001410536421881381,2021-07-16 20:00:00,2021-07-22 12:00:00,,5 days 16:00:00
88,13437,13474,151.912151912,152.144,20.402631743999336,0.001526198431671899,2021-07-23 12:00:00,2021-08-02 16:00:00,,10 days 04:00:00
-88,13480,13492,151.533848466,152.392,-75.51733499200009,-0.005663101298404305,2021-08-03 16:00:00,2021-08-05 16:00:00,,2 days 00:00:00
87,13497,13526,153.02915302899999,152.516,-44.64431352299951,-0.003353302418806048,2021-08-06 12:00:00,2021-08-13 08:00:00,,6 days 20:00:00
-88,13538,13568,150.920849079,150.669,22.162718951998386,0.0016687494175715578,2021-08-17 08:00:00,2021-08-24 08:00:00,,7 days 00:00:00
88,13579,13589,151.425,151.283,-12.496000000002141,-0.0009377579659899382,2021-08-26 04:00:00,2021-08-27 20:00:00,,1 days 16:00:00
88,13595,13633,151.267151267,152.009,65.28268850399854,0.004904228887675277,2021-08-30 20:00:00,2021-09-08 04:00:00,,8 days 08:00:00
88,13641,13642,152.091152091,152.062,-2.565384007998773,-0.00019167512770590367,2021-09-09 12:00:00,2021-09-09 16:00:00,,0 days 04:00:00
88,13646,13647,152.219152219,152.515,26.034604727999294,0.0019435647662413569,2021-09-10 08:00:00,2021-09-10 12:00:00,,0 days 04:00:00
88,13657,13665,152.32515232499998,151.25,-94.61340459999792,-0.007058271786303805,2021-09-14 04:00:00,2021-09-15 12:00:00,,1 days 08:00:00
-88,13680,13681,150.816,150.994,-15.66399999999976,-0.00118024612773171,2021-09-20 00:00:00,2021-09-20 04:00:00,,0 days 04:00:00
-88,13683,13705,149.977,151.592,-142.1200000000008,-0.010768317808730776,2021-09-20 12:00:00,2021-09-24 04:00:00,,3 days 16:00:00
86,13712,13725,151.73515173500002,150.304,-123.07904921000124,-0.0094319063093532,2021-09-27 08:00:00,2021-09-29 12:00:00,,2 days 04:00:00
-87,13733,13747,149.908850091,150.808,-78.22604208299893,-0.005997977494018425,2021-09-30 20:00:00,2021-10-05 04:00:00,,4 days 08:00:00
85,13750,13827,151.573,157.339,490.1099999999992,0.03804107591721473,2021-10-05 16:00:00,2021-10-22 12:00:00,,16 days 20:00:00
-86,13844,13845,156.155843844,156.032,10.650570583999354,0.0007930785102331361,2021-10-27 08:00:00,2021-10-27 12:00:00,,0 days 04:00:00
-86,13845,13846,155.922844077,156.211,-24.781409378000433,-0.0018480673868268571,2021-10-27 12:00:00,2021-10-27 16:00:00,,0 days 04:00:00
-86,13858,13859,156.35284364700001,155.993,30.946553642001675,0.002301484505215945,2021-10-29 16:00:00,2021-10-29 20:00:00,,0 days 04:00:00
-86,13859,13860,155.914844085,156.091,-15.149408690000826,-0.0011298213203096985,2021-10-29 20:00:00,2021-11-01 00:00:00,,2 days 04:00:00
-86,13864,13882,155.784844215,153.975,155.64660248999985,0.011617588502397691,2021-11-01 16:00:00,2021-11-04 16:00:00,,3 days 00:00:00
-88,13886,13928,153.115846884,153.156,-3.533474207999916,-0.00026224010654107843,2021-11-05 08:00:00,2021-11-16 08:00:00,,11 days 00:00:00
88,13943,13951,154.268154268,153.337,-81.94157558400002,-0.006035946125227953,2021-11-18 20:00:00,2021-11-22 04:00:00,,3 days 08:00:00
-88,13975,13976,152.517847482,152.545,-2.389421583998228,-0.00017802846321424148,2021-11-26 04:00:00,2021-11-26 08:00:00,,0 days 04:00:00
-89,13979,14020,150.764,150.466,26.522000000000162,0.0019765991881350864,2021-11-26 20:00:00,2021-12-07 16:00:00,,10 days 20:00:00
89,14054,14055,150.752150752,150.821,6.127583071999311,0.00045670491370475297,2021-12-15 08:00:00,2021-12-15 12:00:00,,0 days 04:00:00
89,14058,14072,151.208,150.005,-107.06700000000026,-0.007955928257764144,2021-12-16 00:00:00,2021-12-20 08:00:00,,4 days 08:00:00
-89,14072,14073,149.666850333,149.641,2.3006796370019913,0.0001727191622092894,2021-12-20 08:00:00,2021-12-20 12:00:00,,0 days 04:00:00
88,14090,14168,152.629152629,156.727,360.610568648,0.02684839233144909,2021-12-23 08:00:00,2022-01-11 08:00:00,,19 days 00:00:00
87,14173,14174,157.312157312,157.359,4.075313855999838,0.000297769026885053,2022-01-12 04:00:00,2022-01-12 08:00:00,,0 days 04:00:00
87,14176,14186,157.564,156.167,-121.53899999999925,-0.008866238480871202,2022-01-12 16:00:00,2022-01-14 08:00:00,,1 days 16:00:00
-87,14187,14188,155.93984405999998,155.598,29.7404332199975,0.002192153404157793,2022-01-14 12:00:00,2022-01-14 16:00:00,,0 days 04:00:00
-1,14203,14239,155.456844543,154.146,1.3108445430000017,0.008432208609749692,2022-01-19 04:00:00,2022-01-27 04:00:00,,8 days 00:00:00
-87,14198,14239,156.23584376399998,154.146,181.81640746799948,0.013376211973206265,2022-01-18 08:00:00,2022-01-27 04:00:00,,8 days 20:00:00
89,14251,14287,154.957154957,156.058,97.97520882699934,0.007104189821408813,2022-01-31 04:00:00,2022-02-08 04:00:00,,8 days 00:00:00
89,14290,14314,156.262,156.25,-1.0680000000000405,-7.679410221295146e-05,2022-02-08 16:00:00,2022-02-14 16:00:00,,6 days 00:00:00
89,14336,14337,156.99315699299999,156.872,-10.782972376997435,-0.0007717342291891915,2022-02-18 08:00:00,2022-02-18 12:00:00,,0 days 04:00:00
-89,14346,14347,155.96084403900002,155.815,12.980119471002212,0.0009351324038971986,2022-02-22 00:00:00,2022-02-22 04:00:00,,0 days 04:00:00
-90,14358,14359,155.501844498,155.798,-26.653995180000436,-0.0019045143995306546,2022-02-24 00:00:00,2022-02-24 04:00:00,,0 days 04:00:00
-90,14359,14360,155.301844698,154.619,61.4560228199997,0.004396887231622126,2022-02-24 04:00:00,2022-02-24 08:00:00,,0 days 04:00:00
-91,14363,14391,154.179,154.93,-68.34100000000043,-0.004870961674417362,2022-02-24 20:00:00,2022-03-03 12:00:00,,6 days 16:00:00
-92,14399,14399,151.811,151.811,-0.0,-0.0,2022-03-04 20:00:00,2022-03-04 20:00:00,,0 days 00:00:00
